player,pos,age,tm,g,gs,mp,fg,fga,fg%,3p,3pa,3p%,2p,2pa,2p%,efg%,ft,fta,ft%,orb,drb,trb,ast,stl,blk,tov,pf,pts,salary,salary_million,value_index,salary_per_point,pts_per_minute,efficiency_index,efficiency_per_million
precious achiuwa,C,23,TOR,55,12,20.7,3.6,7.3,0.485,0.5,2.0,0.269,3.0,5.4,0.564,0.521,1.6,2.3,0.702,1.8,4.1,6.0,0.9,0.6,0.5,1.1,1.9,9.2,2840160.0,2.84016,5.668694721424145,5612.964415784656,0.44444442297369935,16.099999999999998,5.668694721424145
steven adams,C,29,MEM,42,42,27.0,3.7,6.3,0.597,0.0,0.0,0.0,3.7,6.2,0.599,0.597,1.1,3.1,0.364,5.1,6.5,11.5,2.3,0.9,1.1,1.9,2.3,8.6,17926829.0,17.926829,1.249523828224166,49631.3093864028,0.31851850672153675,22.500000000000004,1.255102059600167
bam adebayo,C,25,MIA,75,75,34.6,8.0,14.9,0.54,0.0,0.2,0.083,8.0,14.7,0.545,0.541,4.3,5.4,0.806,2.5,6.7,9.2,3.2,1.2,0.8,2.5,2.8,20.4,30351780.0,30.35178,1.0806614966239212,19837.76469291649,0.589595358682215,32.3,1.064187998199776
ochai agbaji,SG,22,UTA,59,22,20.5,2.8,6.5,0.427,1.4,3.9,0.355,1.4,2.7,0.532,0.532,0.9,1.2,0.812,0.7,1.3,2.1,1.1,0.3,0.3,0.7,1.7,7.9,3918360.0,3.91836,2.832817811533397,8406.693824486818,0.38536583486020315,11.000000000000002,2.8072969303484117
nickeil alexander-walker,SG,24,TOT,59,3,15.0,2.2,5.0,0.444,1.0,2.7,0.384,1.2,2.3,0.515,0.547,0.7,1.0,0.667,0.3,1.5,1.7,1.8,0.5,0.4,0.9,1.5,6.2,5009633.0,5.009633,1.9362695830213512,13695.005430030056,0.41333330577777966,9.700000000000001,1.9362695830213512
nickeil alexander-walker,SG,24,UTA,36,3,14.7,2.3,4.7,0.488,1.0,2.4,0.402,1.3,2.3,0.578,0.591,0.8,1.1,0.692,0.2,1.4,1.6,2.1,0.7,0.4,1.3,1.6,6.3,5009633.0,5.009633,1.996154209300362,22088.328826771038,0.42857139941691164,9.799999999999999,1.9562311251143545
nickeil alexander-walker,SG,24,MIN,23,0,15.5,2.1,5.4,0.384,1.1,3.1,0.361,1.0,2.3,0.415,0.488,0.6,0.9,0.619,0.3,1.5,1.8,1.4,0.3,0.3,0.4,1.3,5.9,5009633.0,5.009633,1.8165003304633294,36916.97098808422,0.3806451367325719,9.3,1.8564234146493368
grayson allen,SG,27,MIL,72,70,27.4,3.4,7.7,0.44,2.0,5.1,0.399,1.4,2.7,0.518,0.571,1.6,1.8,0.905,0.8,2.4,3.3,2.3,0.9,0.2,1.0,1.6,10.4,8925000.0,8.925,1.7927170868347337,11919.07049690295,0.37956202994299165,16.099999999999998,1.8039215686274506
jarrett allen,C,24,CLE,68,68,32.6,5.9,9.2,0.644,0.0,0.1,0.1,5.9,9.1,0.653,0.645,2.4,3.3,0.733,3.3,6.5,9.8,1.7,0.8,1.2,1.4,2.3,14.3,20000000.0,20.0,1.29,20567.667605339706,0.4386502932929358,26.400000000000002,1.32
jose alvarado,PG,24,NOP,61,10,21.5,3.3,8.0,0.411,1.4,4.0,0.336,1.9,4.0,0.488,0.496,1.1,1.3,0.813,0.5,1.9,2.3,3.0,1.1,0.2,1.3,2.0,9.0,1563518.0,1.563518,9.146041171256105,2847.9380640292566,0.4186046316928078,14.299999999999999,9.146041171256103
kyle anderson,PF,29,MIN,69,46,28.4,3.7,7.2,0.509,0.6,1.5,0.41,3.0,5.7,0.536,0.553,1.4,2.0,0.735,1.0,4.4,5.3,4.9,1.1,0.9,1.5,2.1,9.4,8780488.0,8.780488,2.232222172617285,13537.600965868638,0.33098590383852455,20.1,2.2891666157962978
giannis antetokounmpo,PF,28,MIL,63,63,32.1,11.2,20.3,0.553,0.7,2.7,0.275,10.5,17.6,0.596,0.572,7.9,12.3,0.645,2.2,9.6,11.8,5.7,0.8,0.8,3.9,3.1,31.1,42492492.0,42.492492,1.14373146201922,21687.588413368245,0.9688473218427627,46.300000000000004,1.0896042529113144
thanasis antetokounmpo,PF,30,MIL,37,0,5.6,0.5,1.2,0.435,0.0,0.2,0.0,0.5,1.0,0.526,0.435,0.3,0.6,0.5,0.4,0.8,1.2,0.4,0.1,0.1,0.3,0.6,1.4,1878720.0,1.87872,1.5968318855390902,36268.72516855743,0.24999995535715083,2.9,1.5436041560211207
cole anthony,PG,22,ORL,60,4,25.9,4.6,10.2,0.454,1.3,3.4,0.364,3.4,6.7,0.5,0.516,2.5,2.8,0.894,0.8,4.0,4.8,3.9,0.6,0.5,1.5,2.6,13.0,3613680.0,3.61368,6.004958933829227,4632.923070983432,0.5019304825509466,21.3,5.894268446569702
og anunoby,SF,25,TOR,67,67,35.6,6.3,13.2,0.476,2.1,5.5,0.387,4.2,7.7,0.539,0.556,2.1,2.5,0.838,1.4,3.5,5.0,2.0,1.9,0.7,2.0,3.0,16.8,17357143.0,17.357143,1.3711934043523177,15420.347356591728,0.47191009910364895,24.4,1.4057613053023759
ryan arcidiacono,PG,28,TOT,20,4,8.6,0.5,1.9,0.243,0.4,1.2,0.348,0.1,0.7,0.071,0.351,0.0,0.0,,0.0,0.8,0.8,1.2,0.3,0.0,0.4,0.9,1.3,1836090.0,1.83609,1.7972975180955182,70618.84343773678,0.1511627731206078,3.1999999999999997,1.7428339569411084
ryan arcidiacono,PG,28,NYK,11,0,2.4,0.1,0.5,0.2,0.1,0.3,0.333,0.0,0.2,0.0,0.3,0.0,0.0,,0.0,0.4,0.4,0.2,0.2,0.0,0.1,0.3,0.3,1836090.0,1.83609,0.49017205038968675,556390.7404876545,0.12499994791668836,0.9999999999999999,0.5446356115440963
ryan arcidiacono,PG,28,POR,9,4,16.2,0.9,3.6,0.25,0.8,2.2,0.35,0.1,1.3,0.083,0.359,0.0,0.0,,0.0,1.2,1.2,2.3,0.3,0.0,0.7,1.6,2.6,1836090.0,1.83609,3.322277230418988,78465.38126216318,0.16049381725346806,5.699999999999999,3.104422985801349
deni avdija,SF,22,WAS,76,40,26.6,3.3,7.6,0.437,0.9,3.1,0.297,2.4,4.6,0.53,0.497,1.6,2.2,0.739,1.0,5.4,6.4,2.8,0.9,0.4,1.6,2.8,9.2,4916160.0,4.91616,3.7427585757989976,7031.1212714085805,0.34586464865170485,18.099999999999994,3.6817353381501
deandre ayton,C,24,PHO,67,67,30.4,7.8,13.2,0.589,0.1,0.4,0.292,7.7,12.9,0.597,0.592,2.3,3.0,0.76,2.6,7.4,10.0,1.7,0.6,0.8,1.8,2.8,18.0,30913750.0,30.91375,0.9607375358861348,25633.29185270871,0.5921052436807486,29.3,0.9477983098135943
udoka azubuike,C,23,UTA,36,4,10.0,1.6,2.0,0.819,0.0,0.0,,1.6,2.0,0.819,0.819,0.2,0.6,0.35,0.9,2.4,3.3,0.3,0.2,0.4,0.5,0.9,3.5,2174880.0,2.17488,3.2645479290811448,17260.952243960695,0.3499999650000035,7.2,3.3105274773780624
lamelo ball,PG,21,CHO,36,36,35.2,8.2,20.0,0.411,4.0,10.6,0.376,4.2,9.4,0.45,0.51,2.8,3.4,0.836,1.2,5.3,6.4,8.4,1.3,0.3,3.6,3.3,23.3,8623920.0,8.62392,4.417944507834025,10281.258929087673,0.6619317993769376,36.099999999999994,4.186031410309928
mo bamba,C,24,TOT,49,7,15.7,2.4,4.9,0.485,1.0,2.5,0.387,1.4,2.4,0.59,0.585,0.8,1.3,0.661,1.2,3.4,4.6,0.9,0.3,0.9,0.6,2.1,6.6,10300000.0,10.3,1.174757281553398,31849.103179192633,0.42038213882916314,12.700000000000001,1.2330097087378642
mo bamba,C,24,ORL,40,6,17.0,2.7,5.4,0.495,1.1,2.7,0.398,1.6,2.7,0.594,0.596,0.9,1.3,0.686,1.2,3.4,4.6,1.1,0.3,1.0,0.6,2.2,7.3,10300000.0,10.3,1.2621359223300967,35273.97248193845,0.42941173944636823,13.7,1.3300970873786406
mo bamba,C,24,LAL,9,1,9.8,1.2,3.0,0.407,0.6,1.8,0.313,0.7,1.2,0.545,0.5,0.7,1.2,0.545,1.2,3.3,4.6,0.4,0.1,0.6,0.9,2.1,3.7,10300000.0,10.3,0.8446601941747574,309309.3000207417,0.37755098188255287,8.5,0.8252427184466019
paolo banchero,PF,20,ORL,72,72,33.8,6.7,15.6,0.427,1.2,4.0,0.298,5.5,11.6,0.471,0.465,5.5,7.4,0.738,1.2,5.7,6.9,3.7,0.8,0.5,2.8,2.2,20.0,11055120.0,11.05512,2.7679482447951713,7677.1666613353,0.5917159588249717,29.099999999999998,2.632264507305212
desmond bane,SG,24,MEM,58,58,31.7,7.8,16.2,0.479,2.9,7.0,0.408,4.9,9.2,0.534,0.568,3.1,3.5,0.883,0.7,4.3,5.0,4.4,1.0,0.4,2.2,2.6,21.5,2130240.0,2.13024,14.505407841369985,1708.2918991914257,0.6782334170904285,30.099999999999998,14.12986330178759
dalano banton,PG,23,TOR,31,2,9.0,1.8,4.2,0.423,0.5,1.6,0.294,1.3,2.5,0.506,0.481,0.5,0.8,0.708,0.4,1.1,1.5,1.2,0.4,0.4,0.6,1.1,4.6,1563518.0,1.563518,4.6689580804314375,10964.361774443467,0.511111054320994,7.5,4.796874740169285
dominick barlow,PF,19,SAS,28,0,14.6,1.6,3.1,0.535,0.0,0.1,0.0,1.6,2.9,0.561,0.535,0.6,0.9,0.72,1.6,2.0,3.6,0.9,0.4,0.7,0.5,2.0,3.9,508891.0,0.508891,16.50648174166963,4660.173949998407,0.26712326937511854,9.0,17.68551615178889
harrison barnes,PF,30,SAC,82,82,32.5,4.6,9.6,0.473,1.6,4.3,0.374,3.0,5.3,0.553,0.556,4.3,5.0,0.847,1.1,3.4,4.5,1.6,0.7,0.1,1.0,1.3,15.0,18352273.0,18.352273,1.14972134514346,14920.547142341018,0.46153844733727856,20.900000000000002,1.1388235124880717
scottie barnes,SF,21,TOR,77,76,34.8,6.0,13.2,0.456,0.8,2.9,0.281,5.2,10.3,0.505,0.487,2.5,3.2,0.772,2.3,4.3,6.6,4.8,1.1,0.8,2.0,2.2,15.3,7644600.0,7.6446,3.492661486539518,6488.922836356061,0.43965515978002423,26.6,3.479580357376449
rj barrett,SG,22,NYK,73,73,33.9,7.0,16.1,0.434,1.7,5.3,0.31,5.3,10.8,0.495,0.485,4.0,5.4,0.74,0.8,4.2,5.0,2.8,0.4,0.2,2.2,2.5,19.6,10900634.0,10.900634,2.5136152631122193,7618.558842872127,0.5781710743902339,25.8,2.3668348097917975
will barton,SG,32,TOT,56,2,17.7,2.5,6.5,0.379,1.2,3.2,0.367,1.3,3.3,0.391,0.47,0.7,0.8,0.787,0.3,2.2,2.4,2.0,0.5,0.2,0.9,1.0,6.8,15059712.0,15.059712,0.743706121338841,39547.56292135619,0.38418076925532374,10.999999999999998,0.7304256548863616
will barton,SG,32,WAS,40,0,19.6,2.8,7.1,0.386,1.3,3.5,0.377,1.5,3.7,0.395,0.477,0.9,1.1,0.778,0.3,2.5,2.8,2.4,0.4,0.3,1.1,1.0,7.7,15059712.0,15.059712,0.8565900861849152,48895.16867241829,0.39285712281341206,12.500000000000002,0.8300291532799566
will barton,SG,32,TOR,16,2,13.2,1.8,4.9,0.354,0.9,2.6,0.333,0.9,2.3,0.378,0.443,0.1,0.1,1.0,0.3,1.3,1.6,1.1,0.7,0.2,0.2,1.1,4.5,15059712.0,15.059712,0.4780967922892549,209162.66376162966,0.3409090650826466,7.8999999999999995,0.5245784248729325
charles bassey,C,22,SAS,35,2,14.5,2.5,3.9,0.644,0.1,0.2,0.375,2.4,3.6,0.661,0.656,0.6,1.1,0.595,2.1,3.4,5.5,1.3,0.5,0.9,1.2,2.1,5.7,2674742.0,2.674742,4.673347934118505,13407.22800297129,0.39310342116528135,12.700000000000001,4.748121501064402
keita bates-diop,PF,27,SAS,67,42,21.7,3.5,6.9,0.508,0.8,2.1,0.394,2.7,4.8,0.557,0.568,1.8,2.2,0.793,1.0,2.7,3.7,1.5,0.7,0.3,0.8,0.9,9.7,1878720.0,1.87872,7.930931698177482,2890.783192966944,0.44700458769564105,15.099999999999998,8.037387157213422
nicolas batum,PF,34,LAC,78,19,21.9,2.1,4.9,0.42,1.6,4.1,0.391,0.5,0.8,0.563,0.583,0.4,0.6,0.708,0.8,3.0,3.8,1.6,0.7,0.6,0.6,1.9,6.1,19700319.0,19.700319,0.5837468926264594,41404.621602764564,0.27853880006672144,12.199999999999998,0.6192793121776352
darius bazley,C,22,TOT,43,1,14.3,1.9,4.3,0.454,0.5,1.2,0.377,1.5,3.0,0.485,0.508,0.9,1.6,0.543,0.8,2.4,3.2,0.9,0.5,0.8,0.6,1.0,5.2,4264628.0,4.264628,2.1807294798045693,19072.575943324795,0.3636363382072491,10.000000000000002,2.34487040839201
darius bazley,C,22,OKC,36,1,15.4,2.0,4.4,0.449,0.5,1.3,0.4,1.5,3.1,0.469,0.506,1.0,1.8,0.554,0.8,2.6,3.4,0.9,0.5,0.8,0.6,1.0,5.4,4264628.0,4.264628,2.2745242961402496,21937.38671842908,0.3506493278799138,10.400000000000002,2.4386652247276905
darius bazley,C,22,PHO,7,0,8.7,1.7,3.6,0.48,0.3,1.1,0.25,1.4,2.4,0.588,0.52,0.3,0.7,0.4,0.7,1.6,2.3,0.9,0.4,0.7,0.7,1.3,4.0,4264628.0,4.264628,1.688306694042247,152308.13741756653,0.4597700620953952,7.6000000000000005,1.7821015103779276
bradley beal,SG,29,WAS,50,50,33.5,8.9,17.6,0.506,1.6,4.4,0.365,7.3,13.2,0.552,0.551,3.8,4.6,0.842,0.8,3.1,3.9,5.4,0.9,0.7,2.9,2.1,23.2,43279250.0,43.27925,0.7509372274242276,37309.698243698534,0.6925372927600808,31.200000000000003,0.7208997383272585
malik beasley,SG,26,TOT,81,27,25.8,4.6,11.6,0.395,2.9,8.1,0.357,1.7,3.4,0.484,0.52,0.6,0.8,0.769,0.4,3.1,3.5,1.5,0.8,0.1,1.1,1.3,12.7,15558035.0,15.558035,1.1376758054600082,15123.97684930108,0.4922480429361223,17.5,1.1248207116130025
malik beasley,SG,26,UTA,55,13,26.8,4.8,12.2,0.396,3.1,8.6,0.359,1.7,3.6,0.485,0.522,0.7,0.8,0.841,0.5,3.1,3.6,1.7,0.8,0.1,1.1,1.4,13.4,15558035.0,15.558035,1.201951274695037,21109.952481533306,0.49999998134328427,18.5,1.1890961808480311
malik beasley,SG,26,LAL,26,14,23.9,4.0,10.3,0.392,2.5,7.2,0.353,1.5,3.1,0.481,0.515,0.5,0.8,0.619,0.3,3.0,3.3,1.2,0.8,0.0,1.2,1.2,11.1,15558035.0,15.558035,1.0026973200664477,53908.64499685155,0.4644351270110825,15.2,0.9769871323724364
marjon beauchamp,SF,22,MIL,52,11,13.5,1.8,4.7,0.395,0.9,2.7,0.331,0.9,1.9,0.485,0.492,0.5,0.7,0.73,0.7,1.5,2.2,0.7,0.4,0.1,0.9,1.4,5.1,2485200.0,2.4852,3.2190568163528086,9371.040688646151,0.3777777497942407,7.6,3.058103975535168
patrick beverley,SG-PG,34,TOT,67,67,27.1,2.1,5.4,0.4,1.2,3.6,0.335,1.0,1.8,0.529,0.511,0.7,1.0,0.723,0.7,3.0,3.7,2.9,0.9,0.6,0.9,2.8,6.2,13801614.0,13.801614,0.9274277631587147,33224.87714678652,0.22878227938072768,13.4,0.9709009395567794
patrick beverley,SG,34,LAL,45,45,26.9,2.2,5.4,0.402,1.2,3.5,0.348,0.9,1.8,0.506,0.517,0.9,1.1,0.78,0.5,2.6,3.1,2.6,0.9,0.6,0.9,2.8,6.4,13801614.0,13.801614,0.8767090573609724,47922.27066693656,0.2379182067688399,12.7,0.9201822337590371
patrick beverley,PG,34,CHI,22,22,27.5,2.1,5.4,0.395,1.1,3.7,0.309,1.0,1.7,0.579,0.5,0.4,0.7,0.533,0.9,4.0,4.9,3.5,1.0,0.7,0.8,2.9,5.8,13801614.0,13.801614,1.028865174754199,108163.11827458371,0.2109090832396697,15.099999999999998,1.0940749393512958
saddiq bey,SF,23,TOT,77,37,27.6,4.6,10.9,0.422,2.0,5.4,0.361,2.6,5.4,0.483,0.513,2.7,3.1,0.861,1.3,3.4,4.7,1.5,0.9,0.2,0.9,1.6,13.8,2959080.0,2.95908,6.758857482731119,2784.7543734380247,0.4999999818840586,20.2,6.82644605755843
saddiq bey,SF,23,DET,52,30,28.8,4.7,11.7,0.404,1.9,5.6,0.345,2.8,6.0,0.46,0.488,3.5,4.0,0.861,1.1,3.5,4.7,1.6,1.0,0.2,1.0,1.7,14.8,2959080.0,2.95908,7.130594644281331,3844.958414962372,0.5138888710455253,21.3,7.198183219108642
saddiq bey,SF,23,ATL,25,7,25.2,4.3,9.2,0.47,2.0,5.0,0.4,2.3,4.2,0.552,0.578,1.0,1.2,0.862,1.6,3.2,4.8,1.4,0.8,0.0,0.7,1.5,11.6,2959080.0,2.95908,6.015383159630694,10203.724102745779,0.46031744205089514,17.9,6.049177447044351
khem birch,C,30,TOR,20,0,8.1,1.0,1.6,0.594,0.1,0.1,0.5,0.9,1.5,0.6,0.609,0.2,0.3,0.8,0.4,0.9,1.3,0.4,0.3,0.3,0.4,1.2,2.2,6667500.0,6.6675,0.5849268841394825,151534.0874651344,0.27160490474013527,4.1,0.6149231346081739
goga bitadze,C,23,TOT,38,1,12.0,1.8,3.3,0.552,0.2,0.7,0.231,1.7,2.6,0.636,0.576,0.6,1.1,0.548,1.6,2.0,3.6,1.0,0.4,0.7,0.6,1.7,4.4,5377520.0,5.37752,1.6736339427840343,32162.200764580135,0.3666666361111137,9.5,1.7666136062720363
goga bitadze,C,23,IND,21,0,9.6,1.3,2.5,0.519,0.2,0.7,0.286,1.1,1.8,0.605,0.558,0.5,1.1,0.458,1.2,1.1,2.3,0.9,0.4,0.5,0.6,1.6,3.3,5377520.0,5.37752,1.208735625344025,77597.69007795541,0.3437499641927121,6.800000000000001,1.264523423436826
goga bitadze,C,23,ORL,17,1,15.0,2.5,4.3,0.575,0.1,0.7,0.167,2.4,3.6,0.656,0.589,0.7,1.1,0.667,2.1,3.1,5.2,1.2,0.4,0.9,0.6,1.8,5.8,5377520.0,5.37752,2.2687037891072466,54538.74184037788,0.38666664088889063,12.9,2.3988753179904494
bismack biyombo,C,30,PHO,61,14,14.3,2.0,3.4,0.578,0.0,0.0,,2.0,3.4,0.578,0.578,0.4,1.1,0.357,1.5,2.8,4.3,0.9,0.3,1.4,0.8,1.9,4.3,2905851.0,2.905851,3.2692660428907057,11078.34917621674,0.30069927967137905,10.4,3.578985983796141
buddy boeheim,SF,23,DET,10,0,9.0,0.5,2.7,0.185,0.4,2.5,0.16,0.1,0.2,0.5,0.259,0.2,0.2,1.0,0.2,0.4,0.6,0.4,0.2,0.0,0.0,0.6,1.6,508891.0,0.508891,5.109149110516791,31805.685512144653,0.1777777580246936,2.8000000000000003,5.502160580556544
bol bol,PF,23,ORL,70,33,21.5,3.7,6.8,0.546,0.4,1.6,0.265,3.3,5.2,0.633,0.577,1.2,1.5,0.759,1.0,4.8,5.8,1.0,0.4,1.2,1.6,1.3,9.1,2200000.0,2.2,7.227272727272726,3453.6891625530784,0.4232557942671723,15.899999999999997,7.227272727272725
leandro bolmaro,SF,22,UTA,14,0,4.9,0.2,1.4,0.15,0.0,0.3,0.0,0.2,1.1,0.188,0.15,0.0,0.0,,0.3,0.2,0.5,0.5,0.2,0.1,0.5,0.7,0.4,1709300.0,1.7093,0.8190487333996372,305232.08835141273,0.08163263640150277,1.2,0.7020417714854034
devin booker,SG,26,PHO,53,53,34.6,9.9,20.1,0.494,2.1,6.0,0.351,7.8,14.2,0.554,0.546,5.8,6.8,0.855,0.9,3.7,4.5,5.5,1.0,0.3,2.7,3.0,27.8,33833400.0,33.8334,1.1172391778538366,22962.807097215413,0.8034681848708618,36.39999999999999,1.0758599490444352
chris boucher,PF,30,TOR,76,0,20.0,3.4,7.0,0.493,0.8,2.5,0.328,2.6,4.5,0.585,0.552,1.7,2.2,0.762,2.1,3.5,5.5,0.4,0.6,0.8,0.5,1.9,9.4,12690000.0,12.69,1.2056737588652484,17763.1578698724,0.4699999765000012,16.2,1.2765957446808511
james bouknight,SG,22,CHO,34,0,15.1,2.0,5.7,0.358,1.0,3.2,0.303,1.1,2.5,0.429,0.443,0.6,0.9,0.667,0.2,1.9,2.1,1.2,0.4,0.1,0.9,1.4,5.6,4362240.0,4.36224,2.0402362089201875,22910.924249417418,0.3708609025919932,8.499999999999998,1.948540199530516
jamaree bouyea,PG,23,TOT,5,0,14.2,1.2,2.8,0.429,0.4,1.2,0.333,0.8,1.6,0.5,0.5,0.2,0.4,0.5,0.2,1.0,1.2,0.8,0.8,0.4,0.8,1.2,3.0,116986.0,0.116986,42.74015694185629,7799.066146728924,0.21126759075580348,5.4,46.15936949720479
jamaree bouyea,PG,23,MIA,4,0,16.3,1.5,3.3,0.462,0.5,1.3,0.4,1.0,2.0,0.5,0.538,0.3,0.5,0.5,0.3,1.0,1.3,1.0,1.0,0.5,1.0,1.3,3.8,116986.0,0.116986,52.14299146906467,7696.446862075865,0.2331288200534466,6.6,56.4170071632503
jamaree bouyea,PG,23,WAS,1,0,6.0,0.0,1.0,0.0,0.0,1.0,0.0,0.0,0.0,,0.0,0.0,0.0,,0.0,1.0,1.0,0.0,0.0,0.0,0.0,1.0,0.0,116986.0,0.116986,8.548031388371257,116986000000.0,0.0,1.0,8.548031388371257
tony bradley,C,25,CHI,12,0,2.8,0.5,1.0,0.5,0.3,0.4,0.6,0.3,0.6,0.429,0.625,0.3,0.3,1.0,0.1,0.8,0.9,0.1,0.1,0.1,0.1,0.2,1.6,2036318.0,2.036318,1.2768143286068285,106058.22364280083,0.5714283673470117,2.7,1.3259225720147836
malaki branham,SG,19,SAS,66,32,23.5,4.1,9.3,0.44,1.2,3.9,0.302,2.9,5.4,0.539,0.503,0.9,1.1,0.829,0.4,2.3,2.7,1.9,0.5,0.1,1.2,1.7,10.2,2925600.0,2.9256,5.058791359037461,4345.811045237952,0.4340425347215942,14.2,4.853705222860268
jarrell brantley,PF,26,UTA,4,0,9.8,2.0,3.5,0.571,1.0,2.3,0.444,1.0,1.3,0.8,0.714,0.5,0.5,1.0,0.3,1.3,1.5,0.8,0.0,0.5,0.5,0.8,5.5,105522.0,0.105522,73.91823505998748,4796.454327433894,0.5612244325281192,7.800000000000001,73.9182350599875
christian braun,SG,21,DEN,76,6,15.5,1.9,3.8,0.495,0.4,1.3,0.354,1.4,2.5,0.565,0.554,0.5,0.8,0.625,0.6,1.8,2.4,0.8,0.5,0.2,0.5,1.3,4.7,2808600.0,2.8086,2.812789290037741,7862.821926475863,0.3032257868886589,8.099999999999998,2.8839991454817335
mikal bridges,SF-SG,26,TOT,83,83,35.7,7.1,15.3,0.468,2.0,5.3,0.382,5.1,9.9,0.514,0.535,3.8,4.3,0.895,1.0,3.4,4.4,3.3,1.1,0.7,1.5,1.9,20.1,20100000.0,20.1,1.3830845771144278,12048.192763862497,0.5630251943130198,28.1,1.3980099502487562
mikal bridges,SF,26,PHO,56,56,36.4,6.3,13.6,0.463,1.8,4.7,0.387,4.5,9.0,0.503,0.529,2.8,3.1,0.897,1.0,3.3,4.3,3.6,1.2,0.8,1.4,2.1,17.2,20100000.0,20.1,1.2487562189054726,20867.94017767033,0.47252745954594894,25.700000000000003,1.2786069651741294
mikal bridges,SG,26,BRK,27,27,34.2,8.9,18.6,0.475,2.5,6.7,0.376,6.3,11.9,0.531,0.543,5.9,6.6,0.894,0.9,3.6,4.5,2.7,1.0,0.6,1.8,1.6,26.1,20100000.0,20.1,1.6567164179104479,28522.775608737367,0.7631578724222845,33.10000000000001,1.6467661691542292
oshae brissett,PF,24,IND,65,2,16.7,1.9,4.9,0.386,0.7,2.4,0.31,1.2,2.5,0.457,0.461,1.6,2.2,0.717,1.0,2.4,3.4,0.7,0.5,0.2,0.5,1.2,6.1,1846738.0,1.846738,5.523252350901968,4657.598979425979,0.36526943920542276,10.399999999999999,5.631551416605928
malcolm brogdon,PG,30,BOS,67,0,26.0,5.3,10.9,0.484,2.0,4.4,0.444,3.3,6.5,0.51,0.574,2.4,2.7,0.87,0.6,3.6,4.2,3.7,0.7,0.3,1.5,1.6,14.9,22600000.0,22.6,1.008849557522124,22638.48540254584,0.5730769010355038,22.3,0.9867256637168141
dillon brooks,SF,27,MEM,73,73,30.3,5.4,13.6,0.396,2.0,6.0,0.326,3.4,7.6,0.451,0.468,1.6,2.1,0.779,0.6,2.7,3.3,2.6,0.9,0.2,1.4,3.3,14.3,11400000.0,11.4,1.7719298245614037,10920.586252590681,0.47194717914365747,19.900000000000002,1.7456140350877194
bruce brown,SF,26,DEN,80,31,28.5,4.5,9.3,0.483,1.1,3.2,0.358,3.3,6.1,0.548,0.545,1.5,1.9,0.758,0.8,3.3,4.1,3.4,1.1,0.6,1.5,2.4,11.5,6479000.0,6.479,2.932551319648094,7042.391296693053,0.40350875777162254,19.200000000000003,2.963420280907548
jaylen brown,SF,26,BOS,67,67,35.9,10.1,20.6,0.491,2.4,7.3,0.335,7.7,13.4,0.576,0.55,3.9,5.1,0.765,1.2,5.7,6.9,3.5,1.1,0.4,2.9,2.6,26.6,29776785.0,29.776785,1.242578740451664,16707.88069986091,0.7409470545697201,35.6,1.1955622475697092
kendall brown,SG,19,IND,6,0,6.7,0.7,1.2,0.571,0.0,0.2,0.0,0.7,1.0,0.667,0.571,0.2,0.3,0.5,0.3,0.7,1.0,0.5,0.7,0.0,0.3,1.5,1.5,508891.0,0.508891,5.895172050596297,56543.43816184021,0.22388056359991587,3.4000000000000004,6.681194990675804
moses brown,C,23,TOT,36,1,8.2,1.7,2.7,0.635,0.0,0.0,,1.7,2.7,0.635,0.635,0.9,2.0,0.458,1.6,2.3,3.9,0.1,0.1,0.4,0.4,1.1,4.3,824041.0,0.824041,10.072314362998927,5323.2622395138105,0.5243901799524171,8.399999999999999,10.193667548095299
moses brown,C,23,LAC,34,1,8.5,1.8,2.8,0.635,0.0,0.0,,1.8,2.8,0.635,0.635,1.0,2.1,0.458,1.7,2.4,4.1,0.1,0.1,0.4,0.4,1.1,4.6,824041.0,0.824041,10.67908028848079,5268.80431413808,0.5411764069204227,8.899999999999999,10.800433473577161
moses brown,C,23,BRK,2,0,3.0,0.0,0.0,,0.0,0.0,,0.0,0.0,,,0.0,0.0,,0.0,0.0,0.0,0.0,0.5,0.0,0.5,0.5,0.0,824041.0,0.824041,0.0,824041000000.0,0.0,0.0,0.0
sterling brown,SF,27,LAL,4,0,6.0,0.0,1.0,0.0,0.0,0.5,0.0,0.0,0.5,0.0,0.0,0.0,0.0,,0.8,1.3,2.0,0.5,0.8,0.0,0.0,1.0,0.0,3122602.0,3.122602,0.8006143594348559,3122602000000.0,0.0,3.3,1.0568109544540096
jalen brunson,PG,26,NYK,68,68,35.0,8.6,17.6,0.491,2.0,4.7,0.416,6.7,12.8,0.519,0.547,4.8,5.8,0.829,0.6,3.0,3.5,6.2,0.9,0.2,2.1,2.2,24.0,27733332.0,27.733332,1.2151442891896294,16993.463224881456,0.6857142661224496,32.7,1.179086595148394
thomas bryant,C,25,TOT,59,26,18.3,3.9,6.3,0.623,0.4,1.0,0.441,3.5,5.3,0.658,0.659,1.6,2.1,0.738,1.5,4.3,5.7,0.5,0.3,0.5,0.6,1.7,9.8,1968175.0,1.968175,8.129358415791279,3403.9692089173827,0.5355190964197215,16.2,8.230975395988668
thomas bryant,C,25,LAL,41,25,21.4,4.8,7.3,0.654,0.5,1.2,0.44,4.3,6.1,0.697,0.691,2.0,2.6,0.741,1.6,5.2,6.8,0.7,0.3,0.6,0.7,1.9,12.1,1968175.0,1.968175,9.958464059344315,3967.2948922247638,0.5654205343261433,19.8,10.060081039541707
thomas bryant,C,25,DEN,18,1,11.4,1.8,3.8,0.485,0.2,0.5,0.444,1.6,3.3,0.492,0.515,0.7,1.0,0.722,1.1,2.3,3.3,0.1,0.1,0.4,0.6,1.4,4.6,1968175.0,1.968175,4.064679207895639,23770.22918151897,0.40350873653432134,7.9,4.013870717796944
reggie bullock,SF,31,DAL,78,55,30.3,2.5,6.0,0.409,1.9,5.1,0.38,0.5,0.9,0.562,0.569,0.3,0.5,0.703,0.4,3.2,3.6,1.4,0.7,0.2,0.5,2.1,7.2,10012800.0,10.0128,1.2184403962927453,17829.059797312926,0.23762375453386947,12.6,1.2583892617449663
alec burks,SG,31,DET,51,8,22.0,3.9,9.0,0.436,1.9,4.7,0.414,2.0,4.3,0.459,0.544,3.0,3.7,0.814,0.4,2.7,3.1,2.2,0.7,0.2,1.1,1.9,12.8,10012800.0,10.0128,1.8076861617130073,15338.235270621575,0.5818181553719021,17.9,1.7877117289868967
deonte burton,PF,29,SAC,2,0,3.0,0.0,1.0,0.0,0.0,0.5,0.0,0.0,0.5,0.0,0.0,0.0,0.0,,0.0,0.0,0.0,0.0,0.0,0.0,0.0,0.0,0.0,105522.0,0.105522,0.0,105522000000.0,0.0,0.0,0.0
jared butler,PG,22,OKC,6,1,12.8,2.5,5.3,0.469,1.2,2.3,0.5,1.3,3.0,0.444,0.578,0.0,0.0,,0.2,0.5,0.7,1.3,0.8,0.0,0.8,0.8,6.2,1674655.0,1.674655,4.896530927265617,45017.60631673101,0.4843749621582061,8.200000000000001,4.896530927265617
jimmy butler,PF,33,MIA,64,64,33.4,7.5,13.9,0.539,0.6,1.6,0.35,6.9,12.3,0.564,0.56,7.4,8.7,0.85,2.2,3.7,5.9,5.3,1.8,0.3,1.6,1.3,22.9,37653300.0,37.6533,0.9056311133419911,25691.389174610133,0.6856287219871641,34.59999999999999,0.9189101619247181
john butler,C,20,POR,19,1,11.6,0.9,2.8,0.321,0.4,1.8,0.229,0.5,0.9,0.5,0.396,0.2,0.2,0.75,0.2,0.7,0.9,0.6,0.4,0.5,0.1,1.2,2.4,503041.0,0.503041,7.752847183430377,11031.600635271916,0.20689653388822984,4.7,9.343174810800711
jamal cain,PF,23,MIA,18,0,13.3,2.1,3.7,0.561,0.4,1.1,0.35,1.7,2.6,0.652,0.614,0.9,1.2,0.773,0.8,2.1,2.9,0.7,0.6,0.1,0.3,1.2,5.4,508891.0,0.508891,17.68551615178889,5235.504061363127,0.40601500706654087,9.399999999999999,18.471539091868394
kentavious caldwell-pope,SG,29,DEN,76,76,31.3,3.8,8.3,0.462,1.8,4.2,0.423,2.1,4.1,0.502,0.569,1.4,1.6,0.824,0.5,2.3,2.7,2.4,1.5,0.5,1.1,1.9,10.8,14004703.0,14.004703,1.1353328949567871,17062.259969466057,0.34504791229878873,16.799999999999997,1.1995970210864164
facundo campazzo,PG,31,DAL,8,0,6.5,0.4,1.6,0.231,0.4,1.4,0.273,0.0,0.3,0.0,0.346,0.1,0.3,0.5,0.0,0.3,0.3,1.1,0.8,0.0,0.4,0.4,1.3,464299.0,0.464299,5.8152182106788946,44644.130322679775,0.19999996923077396,3.1,6.676732019668361
clint capela,C,28,ATL,65,63,26.6,5.4,8.2,0.653,0.0,0.0,0.0,5.4,8.2,0.654,0.653,1.2,2.0,0.603,4.0,7.1,11.0,0.9,0.7,1.2,0.8,2.1,12.0,18206896.0,18.206896,1.3126894337178616,23342.174329048496,0.45112780258918034,24.999999999999996,1.3731061022153361
jevon carter,PG,27,MIL,81,39,22.3,3.0,7.0,0.423,1.8,4.2,0.421,1.2,2.8,0.425,0.549,0.4,0.5,0.816,0.4,2.1,2.5,2.4,0.8,0.4,1.0,2.0,8.0,6025000.0,6.025,2.141078838174274,9297.839491824321,0.3587443785316422,13.100000000000001,2.174273858921162
michael carter-williams,PG,31,ORL,4,0,11.0,1.5,3.5,0.429,0.3,0.8,0.333,1.3,2.8,0.455,0.464,1.0,1.8,0.571,0.3,1.0,1.3,1.8,0.3,0.3,1.0,1.3,4.3,652829.0,0.652829,11.33528075499097,37955.17221190859,0.39090905537190407,6.999999999999999,10.722562876342808
alex caruso,PG,28,CHI,67,36,23.5,1.9,4.3,0.455,0.8,2.3,0.364,1.1,2.0,0.556,0.551,0.9,1.1,0.808,0.6,2.3,2.9,2.9,1.5,0.7,1.1,2.4,5.6,9030000.0,9.03,1.2624584717607974,24067.164114959585,0.23829786220009094,12.5,1.3842746400885937
julian champagnie,SF,21,TOT,17,3,18.8,3.5,7.6,0.454,1.9,4.8,0.402,1.5,2.8,0.542,0.581,0.8,1.0,0.824,0.6,2.9,3.5,0.6,0.4,0.3,0.6,1.5,9.7,508891.0,0.508891,27.117791432742962,3086.0581983865486,0.515957419363967,13.9,27.31429716776284
julian champagnie,SF,21,PHI,2,0,3.5,0.0,1.0,0.0,0.0,0.5,0.0,0.0,0.5,0.0,0.0,0.0,0.0,,0.0,0.0,0.0,0.0,0.5,0.0,0.0,0.0,0.0,508891.0,0.508891,0.0,508891000000.0,0.0,0.5,0.9825286750993828
julian champagnie,SF,21,SAS,15,3,20.9,3.9,8.5,0.461,2.2,5.4,0.407,1.7,3.1,0.553,0.59,0.9,1.1,0.824,0.7,3.3,4.0,0.7,0.3,0.3,0.7,1.7,11.0,508891.0,0.508891,30.851400398120617,3084.187860095831,0.5263157642911118,15.600000000000001,30.654894663100748
justin champagnie,SF,21,TOT,5,0,6.8,1.0,3.0,0.333,0.2,1.0,0.2,0.8,2.0,0.4,0.367,0.0,0.0,,0.6,1.0,1.6,0.8,0.2,0.0,0.0,0.4,2.2,853241.0,0.853241,5.3912083455905195,77567.35658478577,0.32352936418685824,4.800000000000001,5.6256087084422814
justin champagnie,SF,21,TOR,3,0,3.7,1.0,1.0,1.0,0.0,0.0,,1.0,1.0,1.0,1.0,0.0,0.0,,0.3,1.0,1.3,0.3,0.0,0.0,0.0,0.3,2.0,853241.0,0.853241,4.21920653133171,142206.8096321984,0.540540394448542,3.5999999999999996,4.21920653133171
justin champagnie,SF,21,BOS,2,0,11.5,1.0,6.0,0.167,0.5,2.5,0.2,0.5,3.5,0.143,0.208,0.0,0.0,,1.0,1.0,2.0,1.5,0.5,0.0,0.0,0.5,2.5,853241.0,0.853241,7.03201088555285,170648.16587036682,0.21739128544423605,6.5,7.618011792682255
kennedy chandler,PG,20,MEM,36,0,7.8,1.0,2.3,0.422,0.1,0.4,0.133,0.9,1.9,0.485,0.434,0.2,0.4,0.462,0.3,0.8,1.1,1.6,0.3,0.1,0.5,0.4,2.2,1200000.0,1.2,4.083333333333334,15151.514960208144,0.28205124589086594,4.8,4.0
max christie,SG,19,LAL,41,3,12.5,1.1,2.6,0.415,0.6,1.5,0.419,0.4,1.1,0.409,0.538,0.3,0.4,0.875,0.2,1.7,1.8,0.5,0.2,0.2,0.3,0.8,3.1,1017781.0,1.017781,5.305660058499815,8007.718269018738,0.2479999801600016,5.500000000000001,5.403913022546108
josh christopher,SG,21,HOU,64,2,12.3,2.4,5.1,0.465,0.3,1.4,0.236,2.1,3.8,0.55,0.497,0.7,0.9,0.75,0.3,0.8,1.1,1.1,0.5,0.2,0.9,0.9,5.8,2372160.0,2.37216,3.372453797382976,6390.517224163477,0.4715446771101888,7.799999999999999,3.288142452448401
brandon clarke,PF,26,MEM,56,8,19.5,4.1,6.2,0.656,0.0,0.1,0.167,4.1,6.1,0.665,0.658,1.8,2.4,0.723,1.6,3.9,5.5,1.3,0.6,0.7,1.0,2.3,10.0,4343919.0,4.343919,3.8674754294451628,7756.998200433932,0.5128204865220263,17.1,3.936537490685255
jordan clarkson,SG,30,UTA,61,61,32.6,7.5,16.9,0.444,2.5,7.5,0.338,5.0,9.4,0.53,0.519,3.3,4.0,0.816,1.2,2.9,4.0,4.4,0.5,0.2,3.0,2.0,20.8,13340000.0,13.34,2.188905547226387,10513.871366240643,0.6380367902442703,26.900000000000002,2.0164917541229386
amir coffey,SF,25,LAC,50,9,12.5,1.1,2.9,0.386,0.2,0.8,0.275,0.9,2.1,0.429,0.424,1.0,1.3,0.778,0.3,0.7,1.1,1.1,0.1,0.1,0.4,1.0,3.4,3395062.0,3.395062,1.6494544134981923,19970.952823700278,0.27199997824000177,5.399999999999999,1.590545327301828
john collins,PF,25,ATL,71,71,30.0,5.1,10.0,0.508,1.0,3.4,0.292,4.1,6.6,0.619,0.557,2.0,2.5,0.803,1.1,5.4,6.5,1.2,0.6,1.0,1.1,3.1,13.1,23500000.0,23.5,0.8851063829787235,25266.10039214482,0.43666665211111155,21.3,0.9063829787234042
zach collins,C,25,SAS,63,26,22.9,4.5,8.7,0.518,0.9,2.3,0.374,3.6,6.4,0.571,0.568,1.7,2.3,0.761,1.8,4.5,6.4,2.9,0.6,0.8,2.0,3.2,11.6,7350000.0,7.35,2.8435374149659864,10057.47125060554,0.5065501962205154,20.3,2.7619047619047623
mike conley,PG,35,TOT,67,66,30.3,3.9,9.1,0.428,2.0,5.2,0.385,1.9,3.9,0.486,0.539,2.1,2.5,0.834,0.5,2.2,2.7,6.7,1.1,0.2,1.5,2.1,11.9,22680000.0,22.68,0.9391534391534392,28446.00523210083,0.39273926096570094,21.1,0.9303350970017638
mike conley,PG,35,UTA,43,42,29.7,3.6,8.7,0.408,1.8,5.0,0.362,1.8,3.8,0.469,0.511,1.8,2.2,0.813,0.4,2.1,2.5,7.7,1.0,0.2,1.7,2.2,10.7,22680000.0,22.68,0.9215167548500881,49293.63171203297,0.3602693481390792,20.4,0.8994708994708994
mike conley,PG,35,MIN,24,24,31.4,4.5,9.8,0.46,2.4,5.8,0.42,2.1,4.0,0.515,0.583,2.6,3.0,0.863,0.7,2.5,3.1,5.0,1.2,0.2,1.2,1.9,14.0,22680000.0,22.68,0.9744268077601411,67499.99979910714,0.4458598584121064,22.3,0.9832451499118167
pat connaughton,SF,30,MIL,61,33,23.7,2.7,6.9,0.392,1.8,5.3,0.339,0.9,1.6,0.566,0.521,0.4,0.7,0.659,0.8,3.8,4.6,1.3,0.6,0.2,0.5,1.1,7.6,5728393.0,5.728393,2.3566818826850744,12356.326547980314,0.32067509195463745,13.799999999999999,2.409052591189187
xavier cooks,PF,27,WAS,10,1,12.6,1.7,2.8,0.607,0.0,0.1,0.0,1.7,2.7,0.63,0.607,0.4,1.0,0.4,1.6,2.2,3.8,0.6,0.6,0.4,0.8,1.3,3.8,140384.0,0.140384,58.41121495327102,3694.3156922548505,0.3015872776518034,8.399999999999999,59.835878732619086
robert covington,PF,32,LAC,48,0,16.2,2.1,4.8,0.445,1.1,2.8,0.397,1.0,1.9,0.516,0.563,0.6,0.8,0.75,0.6,2.8,3.5,1.2,0.8,0.7,0.7,1.8,6.0,12307692.0,12.307692,0.8693750217343755,42735.041518281105,0.37037034750800324,11.5,0.9343750233593756
torrey craig,PF,32,PHO,79,60,24.7,2.9,6.3,0.456,1.3,3.2,0.395,1.6,3.1,0.518,0.556,0.4,0.6,0.711,1.8,3.6,5.4,1.5,0.6,0.8,0.9,2.3,7.4,5121951.0,5.121951,2.7919048815578282,8761.462523500748,0.2995951295710474,14.8,2.88952393336055
jae crowder,PF,32,MIL,18,3,18.9,2.5,5.2,0.479,1.3,3.1,0.436,1.2,2.2,0.538,0.606,0.6,0.7,0.833,0.9,2.9,3.8,1.5,0.7,0.3,0.4,1.5,6.9,10183800.0,10.1838,1.1979811072487676,81995.16842193906,0.3650793457629976,12.799999999999999,1.2568982108839528
jarrett culver,SF,23,ATL,10,1,13.7,1.7,4.3,0.395,0.1,1.2,0.083,1.6,3.1,0.516,0.407,0.9,1.3,0.692,1.0,2.8,3.8,0.6,0.6,0.2,0.7,1.4,4.4,260295.0,0.260295,33.80779500182485,5915.795320095562,0.32116785976876944,8.899999999999999,34.19197449048195
cade cunningham,PG,21,DET,12,12,33.3,7.8,18.7,0.415,1.4,5.1,0.279,6.3,13.6,0.466,0.453,3.0,3.6,0.837,1.0,5.2,6.2,6.0,0.8,0.6,3.3,2.8,19.9,10552800.0,10.5528,3.0418467136684098,44190.954588815104,0.5975975796517244,30.199999999999992,2.8617997119247964
seth curry,SG,32,BRK,61,7,19.9,3.4,7.4,0.463,1.5,3.8,0.405,1.9,3.6,0.525,0.568,0.8,0.9,0.927,0.2,1.4,1.6,1.6,0.6,0.1,0.8,1.6,9.2,8496653.0,8.496653,1.459398188910386,15140.151434176496,0.4623115345572093,12.299999999999997,1.4476288486772375
stephen curry,PG,34,GSW,56,56,34.7,10.0,20.2,0.493,4.9,11.4,0.427,5.1,8.8,0.579,0.614,4.6,5.0,0.915,0.7,5.4,6.1,6.3,0.9,0.4,3.2,2.1,29.4,48070014.0,48.070014,0.8695649641375182,29197.04444290753,0.8472622234218379,39.89999999999999,0.830039283949449
dyson daniels,PG,19,NOP,59,11,17.7,1.5,3.5,0.418,0.5,1.5,0.314,1.0,2.1,0.492,0.483,0.4,0.7,0.65,0.6,2.6,3.2,2.3,0.7,0.2,1.0,1.7,3.8,5508600.0,5.5086,1.6882692517154994,24570.026652230034,0.2146892534073868,9.2,1.670115818901354
anthony davis,C,29,LAL,56,54,34.0,9.7,17.2,0.563,0.3,1.3,0.257,9.3,15.9,0.589,0.573,6.2,7.9,0.784,3.5,9.1,12.5,2.6,1.1,2.0,2.2,2.6,25.9,37980720.0,37.98072,1.0794950701303188,26186.37615403587,0.7617646834775094,41.9,1.103191303377082
johnny davis,SG,20,WAS,28,5,15.1,2.4,6.1,0.386,0.6,2.5,0.243,1.8,3.6,0.485,0.436,0.5,1.0,0.519,0.4,2.0,2.3,1.0,0.4,0.3,0.6,1.7,5.8,4810320.0,4.81032,1.8917660363551696,29620.1968619446,0.38410593482742156,9.200000000000001,1.9125546741173147
terence davis,SG,25,SAC,64,5,13.1,2.4,5.7,0.423,1.4,3.8,0.366,1.0,1.9,0.537,0.545,0.5,0.7,0.791,0.3,1.9,2.2,1.0,0.7,0.2,0.8,1.6,6.7,4000000.0,4.0,2.475,9328.358187200656,0.5114503426373784,9.999999999999998,2.4999999999999996
jd davison,SG,20,BOS,12,0,5.5,0.7,1.6,0.421,0.2,0.6,0.286,0.5,1.0,0.5,0.474,0.1,0.2,0.5,0.2,0.6,0.8,0.9,0.2,0.2,0.3,0.4,1.6,508891.0,0.508891,6.484689255655927,26504.738202878212,0.29090903801653856,3.400000000000001,6.681194990675805
darius days,SF,23,HOU,4,0,6.3,1.3,3.0,0.417,0.8,2.5,0.3,0.5,0.5,1.0,0.542,0.5,0.5,1.0,0.3,1.3,1.5,0.3,0.0,0.3,0.0,0.5,3.8,508891.0,0.508891,11.004321161113086,33479.668850021786,0.6031745074326178,5.8999999999999995,11.593838366172717
dewayne dedmon,C,33,TOT,38,1,11.2,2.0,4.0,0.51,0.3,1.0,0.308,1.7,2.9,0.58,0.55,0.9,1.3,0.673,0.9,2.6,3.5,0.7,0.2,0.5,0.7,2.0,5.2,8283688.0,8.283688,1.134760266200272,41921.49776355518,0.4642856728316364,9.399999999999999,1.134760266200272
dewayne dedmon,C,33,MIA,30,0,11.7,2.1,4.3,0.496,0.4,1.2,0.297,1.8,3.1,0.576,0.539,1.1,1.5,0.727,0.9,2.7,3.6,0.5,0.2,0.5,0.6,2.0,5.7,8283688.0,8.283688,1.1830479371024114,48442.61959975076,0.4871794455402184,9.9,1.1951198548279462
dewayne dedmon,C,33,PHI,8,1,9.5,1.6,2.8,0.591,0.1,0.3,0.5,1.5,2.5,0.6,0.614,0.1,0.6,0.2,0.8,2.4,3.1,1.3,0.3,0.6,0.8,1.8,3.5,8283688.0,8.283688,0.95368150031725,295845.9894340718,0.36842101385041964,7.999999999999999,0.9657534180427847
matthew dellavedova,PG,32,SAC,32,0,6.7,0.5,1.6,0.34,0.3,0.8,0.333,0.3,0.7,0.348,0.43,0.1,0.2,0.571,0.0,0.4,0.4,1.3,0.2,0.0,0.3,0.6,1.5,2628597.0,2.628597,1.2173794613628488,54762.43635911591,0.22388056359991587,3.1000000000000005,1.1793363531952599
demar derozan,SF,33,CHI,74,74,36.2,8.9,17.6,0.504,0.6,1.9,0.324,8.3,15.7,0.526,0.522,6.2,7.1,0.872,0.5,4.2,4.6,5.1,1.1,0.5,2.1,2.5,24.5,27300000.0,27.3,1.2527472527472527,15057.915049609534,0.6767955614144873,33.7,1.2344322344322345
mamadi diakite,C,26,CLE,22,2,8.0,1.1,2.3,0.48,0.3,1.0,0.333,0.8,1.3,0.586,0.55,0.1,0.1,1.0,0.4,1.0,1.4,0.4,0.2,0.4,0.5,1.2,2.6,508891.0,0.508891,8.64625234087457,8896.695648659166,0.32499995937500514,4.500000000000001,8.842758075894446
hamidou diallo,SF,24,DET,56,0,17.8,3.8,6.7,0.573,0.1,0.4,0.238,3.8,6.3,0.593,0.58,1.6,2.6,0.588,1.0,2.4,3.5,1.0,0.9,0.3,1.3,2.2,9.3,5200000.0,5.2,2.6538461538461537,9984.638997725346,0.5224718807600067,13.700000000000001,2.6346153846153846
gorgui dieng,C,33,SAS,31,1,11.5,1.5,3.8,0.385,0.7,2.4,0.28,0.8,1.4,0.571,0.474,0.3,0.4,0.769,0.9,2.6,3.5,1.7,0.1,0.5,1.0,1.8,3.9,4105236.0,4.105236,2.21668133086624,33955.63247348526,0.33913040529300825,8.7,2.119244788850142
ousmane dieng,PF,19,OKC,39,1,14.6,1.9,4.6,0.42,0.7,2.5,0.265,1.3,2.1,0.602,0.492,0.4,0.6,0.652,0.5,2.2,2.7,1.2,0.4,0.2,0.7,1.1,4.9,4569840.0,4.56984,1.9256691700365878,23913.343673922845,0.3356164153687387,8.700000000000001,1.9037865658316266
spencer dinwiddie,SG-PG,29,TOT,79,79,34.5,5.8,13.3,0.438,2.3,6.2,0.369,3.5,7.1,0.498,0.524,3.4,4.2,0.812,0.4,3.1,3.4,6.5,0.8,0.3,1.8,2.4,17.3,19500000.0,19.5,1.3948717948717948,14267.944673836288,0.5014492608275577,26.5,1.358974358974359
spencer dinwiddie,SG,29,DAL,53,53,34.1,6.0,13.1,0.455,2.6,6.4,0.405,3.4,6.7,0.504,0.555,3.2,3.9,0.821,0.4,2.7,3.1,5.3,0.7,0.3,1.7,2.3,17.7,19500000.0,19.5,1.3384615384615386,20786.6964920726,0.5190615683559657,25.400000000000002,1.3025641025641026
spencer dinwiddie,PG,29,BRK,26,26,35.3,5.5,13.7,0.404,1.7,5.7,0.289,3.9,8.0,0.488,0.465,3.8,4.7,0.797,0.3,3.8,4.1,9.1,1.1,0.3,2.1,2.4,16.5,19500000.0,19.5,1.5230769230769232,45454.5453485908,0.46742208307586175,29.000000000000004,1.4871794871794874
donte divincenzo,SG,26,GSW,72,36,26.3,3.3,7.5,0.435,2.1,5.3,0.397,1.2,2.3,0.525,0.574,0.8,1.0,0.817,1.1,3.4,4.5,3.5,1.3,0.1,1.6,1.8,9.4,4500000.0,4.5,3.8666666666666663,6648.936160388687,0.35741443507929904,17.2,3.822222222222222
tyler dorsey,SF,26,DAL,3,0,2.7,1.3,1.7,0.8,0.3,0.7,0.5,1.0,1.0,1.0,0.9,0.0,0.0,,0.3,0.3,0.7,0.0,0.0,0.0,0.0,0.0,3.0,201802.0,0.201802,18.334803421175213,22422.441953062007,1.1111106995886297,3.7,18.334803421175213
luguentz dort,SF,23,OKC,74,73,30.7,4.6,11.8,0.388,1.8,5.5,0.33,2.8,6.3,0.44,0.466,2.7,3.5,0.772,1.7,2.9,4.6,2.1,1.0,0.3,1.2,3.3,13.7,15277778.0,15.277778,1.3352727078505788,15069.814544219951,0.446254057125275,20.5,1.3418181623008267
ayo dosunmu,SG,23,CHI,80,51,26.2,3.5,7.1,0.493,0.7,2.4,0.312,2.8,4.8,0.583,0.545,0.8,1.0,0.805,0.6,2.2,2.8,2.6,0.8,0.3,1.2,2.3,8.6,1563518.0,1.563518,8.954166181649331,2272.555229255007,0.3282442622807533,13.9,8.890207851780408
devon dotson,PG,23,WAS,6,0,8.8,0.2,1.7,0.1,0.2,0.7,0.25,0.0,1.0,0.0,0.15,0.0,0.0,,1.0,0.7,1.7,1.3,0.8,0.0,0.5,1.5,0.5,169630.0,0.16963,20.633142722395803,56543.31448556184,0.05681817536157098,3.8,22.40169781288687
jeff dowtin,PG,25,TOR,25,0,10.4,1.0,2.3,0.439,0.2,0.6,0.313,0.8,1.6,0.488,0.482,0.2,0.4,0.667,0.2,0.7,0.9,1.2,0.4,0.1,0.2,0.5,2.4,508891.0,0.508891,8.842758075894444,8481.516525308058,0.23076920857988378,4.8,9.432275280954075
pj dozier,SF,26,SAC,16,0,4.9,0.6,2.1,0.303,0.1,1.0,0.125,0.5,1.1,0.471,0.333,0.0,0.0,,0.1,0.8,0.9,0.6,0.4,0.1,0.3,0.4,1.4,784654.0,0.784654,3.695896535288165,35029.194864768084,0.28571422740525965,3.1,3.9507859515149355
andre drummond,C,29,CHI,67,0,12.7,2.5,4.1,0.606,0.0,0.0,0.0,2.5,4.0,0.613,0.606,1.0,1.9,0.536,2.1,4.6,6.6,0.5,0.7,0.4,1.1,1.7,6.0,3200000.0,3.2,4.09375,7960.198985173634,0.47244090768181835,13.1,4.09375
chris duarte,SF,25,IND,46,12,19.5,2.7,7.2,0.369,1.2,3.8,0.316,1.5,3.5,0.428,0.452,1.3,1.6,0.847,0.4,2.1,2.5,1.4,0.5,0.2,0.9,1.4,7.9,3936960.0,3.93696,2.9972364463951884,10833.681863418597,0.4051281843524008,11.6,2.9464358286596766
kris dunn,PG,28,UTA,22,3,25.8,5.3,9.8,0.537,0.8,1.6,0.472,4.5,8.2,0.55,0.576,1.9,2.4,0.774,0.4,4.1,4.5,5.6,1.1,0.5,1.6,2.6,13.2,1000001.0,1.000001,23.2999767000233,3443.5296024671848,0.5116278871462059,23.299999999999997,23.2999767000233
kevin durant,PF,34,TOT,47,47,35.6,10.3,18.3,0.56,2.0,4.9,0.404,8.3,13.4,0.617,0.614,6.5,7.1,0.919,0.4,6.3,6.7,5.0,0.7,1.4,3.3,2.1,29.1,44119845.0,44.119845,0.9247539287592693,32258.422876172823,0.8174157073759634,39.60000000000001,0.8975552837957615
kevin durant,PF,34,BRK,39,39,36.0,10.5,18.8,0.559,1.8,4.8,0.376,8.7,14.0,0.622,0.607,6.8,7.3,0.934,0.4,6.4,6.7,5.3,0.8,1.5,3.5,2.4,29.7,44119845.0,44.119845,0.9451529124819001,38090.17090728639,0.8249999770833341,40.49999999999999,0.9179542675183922
kevin durant,PF,34,PHO,8,8,33.6,9.1,16.0,0.57,2.8,5.1,0.537,6.4,10.9,0.586,0.656,5.0,6.0,0.833,0.4,6.0,6.4,3.5,0.3,1.3,2.5,0.9,26.0,44119845.0,44.119845,0.8136927951582785,212114.63840329502,0.7738095007794792,34.99999999999999,0.7932938114356475
jalen duren,C,19,DET,67,31,24.9,3.9,5.9,0.648,0.0,0.0,0.0,3.9,5.9,0.652,0.648,1.4,2.3,0.611,3.4,5.5,8.9,1.1,0.7,0.9,1.4,2.7,9.1,4124280.0,4.12428,4.631111369742113,6764.441517525929,0.3654618327123762,19.3,4.679604682514282
tari eason,PF,21,HOU,82,5,21.5,3.6,8.0,0.448,0.7,2.1,0.343,2.9,6.0,0.486,0.493,1.3,1.8,0.752,2.4,3.7,6.0,1.1,1.2,0.6,1.2,2.3,9.3,3359160.0,3.35916,4.882172924183427,4404.878043004356,0.43255811941590144,17.000000000000004,5.060789006775504
anthony edwards,SG,21,MIN,79,79,36.0,8.9,19.5,0.459,2.7,7.3,0.369,6.3,12.2,0.513,0.528,4.0,5.3,0.756,0.6,5.2,5.8,4.4,1.6,0.7,3.3,2.4,24.6,10733400.0,10.7334,3.242215886857846,5523.0009233698665,0.6833333143518525,33.80000000000001,3.1490487636722766
kessler edwards,SF,22,TOT,36,4,10.7,1.0,2.6,0.387,0.5,1.5,0.309,0.5,1.1,0.5,0.478,0.3,0.4,0.733,0.6,1.1,1.7,0.6,0.4,0.2,0.4,1.1,2.8,1637966.0,1.637966,3.113617742981234,16249.66253720573,0.2616822185343721,5.3,3.2357203995687334
kessler edwards,SF,22,BRK,14,1,5.6,0.4,1.7,0.25,0.1,0.9,0.167,0.3,0.9,0.333,0.292,0.1,0.1,0.5,0.4,0.6,1.0,0.1,0.2,0.1,0.3,0.2,1.1,1637966.0,1.637966,1.343129222462493,106361.42166484274,0.1964285363520471,2.2000000000000006,1.3431292224624936
kessler edwards,SF,22,SAC,22,3,13.9,1.4,3.1,0.435,0.7,2.0,0.349,0.7,1.2,0.577,0.543,0.5,0.6,0.769,0.8,1.4,2.1,1.0,0.5,0.2,0.4,1.7,3.9,1637966.0,1.637966,4.273592980562478,19090.512598012676,0.28057551938305614,7.3,4.456746965443727
keon ellis,SG,23,SAC,16,0,4.4,0.4,1.0,0.438,0.4,0.8,0.5,0.1,0.3,0.25,0.625,0.3,0.4,0.571,0.3,0.3,0.5,0.4,0.3,0.1,0.1,0.6,1.5,508891.0,0.508891,4.716137640477037,21203.790783175384,0.34090901342976965,2.6999999999999997,5.305654845536667
joel embiid,C,28,PHI,66,66,34.6,11.0,20.1,0.548,1.0,3.0,0.33,10.0,17.1,0.587,0.573,10.0,11.7,0.857,1.7,8.4,10.2,4.2,1.0,1.7,3.4,3.1,33.1,33616770.0,33.61677,1.412985245161864,15388.066458212916,0.9566473711951627,46.800000000000004,1.3921623047068472
drew eubanks,C,25,POR,78,28,20.3,2.7,4.3,0.641,0.1,0.2,0.389,2.7,4.1,0.655,0.651,1.1,1.6,0.664,1.7,3.7,5.4,1.3,0.5,1.3,0.9,2.2,6.6,1968175.0,1.968175,6.7575291831265005,3823.183753257219,0.3251231366934415,14.200000000000001,7.21480559401476
bruno fernando,C,24,TOT,39,4,10.4,1.5,2.9,0.527,0.0,0.1,0.0,1.5,2.8,0.546,0.527,0.9,1.3,0.7,1.4,2.1,3.5,0.8,0.2,0.9,0.6,1.9,3.9,2717391.0,2.717391,3.017600337971238,17865.818422972923,0.37499996394231117,8.700000000000001,3.2016003585792405
bruno fernando,C,24,HOU,31,4,11.7,1.5,3.0,0.516,0.0,0.0,0.0,1.5,3.0,0.522,0.516,1.0,1.4,0.682,1.5,2.4,3.9,1.0,0.2,1.0,0.6,2.2,4.1,2717391.0,2.717391,3.3120003709440415,21379.944757042136,0.35042732047629743,9.6,3.532800395673644
bruno fernando,C,24,ATL,8,0,5.1,1.4,2.4,0.579,0.0,0.4,0.0,1.4,2.0,0.688,0.579,0.6,0.8,0.833,0.8,1.1,1.9,0.1,0.0,0.4,0.6,0.8,3.4,2717391.0,2.717391,1.9872002225664247,99904.07720940892,0.6666665359477381,5.2,1.913600214323224
dorian finney-smith,PF,29,TOT,66,66,30.4,3.0,7.6,0.391,1.7,5.1,0.337,1.2,2.5,0.503,0.505,0.7,0.9,0.763,1.7,3.1,4.8,1.5,0.8,0.5,0.9,2.2,8.3,12939848.0,12.939848,1.1282976430635046,23621.48224968696,0.2730263068083452,15.000000000000002,1.1592099072570252
dorian finney-smith,PF,29,DAL,40,40,32.2,3.2,7.8,0.416,1.9,5.4,0.355,1.3,2.3,0.559,0.54,0.8,1.0,0.75,1.7,3.0,4.7,1.5,1.0,0.5,0.9,2.0,9.1,12939848.0,12.939848,1.1823941054021656,35549.03286937079,0.2826086868755066,15.9,1.2287625016924466
dorian finney-smith,PF,29,BRK,26,26,27.7,2.6,7.3,0.351,1.4,4.7,0.306,1.2,2.7,0.429,0.448,0.6,0.7,0.789,1.8,3.1,4.9,1.6,0.7,0.6,1.0,2.5,7.2,12939848.0,12.939848,1.058745048628083,69123.11928887221,0.2599277884502603,14.0,1.0819292467732233
malachi flynn,PG,24,TOR,53,2,13.0,1.6,4.6,0.36,0.9,2.5,0.353,0.8,2.1,0.367,0.457,0.5,0.6,0.758,0.3,1.2,1.4,1.3,0.4,0.1,0.5,1.2,4.6,2145720.0,2.14572,3.4021214324329363,8801.148446262723,0.35384612662722104,7.3,3.4021214324329363
simone fontecchio,SF,27,UTA,52,6,14.7,2.2,6.0,0.369,1.2,3.7,0.33,1.0,2.3,0.43,0.47,0.7,0.8,0.795,0.6,1.1,1.7,0.8,0.3,0.2,0.8,1.2,6.3,3205128.0,3.205128,2.7456001757184114,9783.662973798344,0.42857139941691164,8.5,2.652000169728011
bryn forbes,SG,29,MIN,25,0,10.7,1.2,3.3,0.361,0.6,1.8,0.304,0.6,1.5,0.432,0.446,0.6,0.6,1.0,0.2,0.4,0.6,0.7,0.3,0.1,0.5,0.9,3.6,2298385.0,2.298385,2.1319317694816142,25537.61082735988,0.3364485666870499,4.8,2.08842295785954
trent forrest,SG,24,ATL,23,3,12.0,1.1,2.6,0.417,0.0,0.1,0.0,1.1,2.5,0.431,0.417,0.1,0.1,0.667,0.2,1.4,1.6,1.7,0.3,0.1,0.7,0.7,2.3,508891.0,0.508891,11.004321161113086,9619.867493008176,0.19166665069444577,5.299999999999999,10.414803956053456
evan fournier,SG,30,NYK,27,7,17.0,2.1,6.1,0.337,1.3,4.2,0.307,0.8,1.9,0.404,0.443,0.7,0.8,0.857,0.1,1.7,1.8,1.3,0.6,0.1,0.8,1.7,6.1,18000000.0,18.0,0.5111111111111111,109289.616822771,0.3588235083044995,9.099999999999998,0.5055555555555554
de'aaron fox,PG,25,SAC,73,73,33.4,9.3,18.2,0.512,1.6,5.0,0.324,7.7,13.2,0.584,0.557,4.7,6.0,0.78,0.5,3.6,4.2,6.1,1.1,0.3,2.5,2.4,25.0,30351780.0,30.35178,1.1630289887446468,16631.112319654185,0.7485029716017075,34.199999999999996,1.1267872922115274
markelle fultz,PG,24,ORL,60,60,29.6,5.8,11.3,0.514,0.5,1.5,0.31,5.4,9.9,0.544,0.534,1.9,2.4,0.783,1.2,2.8,3.9,5.7,1.5,0.4,2.3,2.2,14.0,16500000.0,16.5,1.4303030303030302,19642.85711947279,0.4729729569941568,23.199999999999996,1.4060606060606058
wenyen gabriel,C,25,LAL,68,2,15.1,2.3,3.8,0.596,0.1,0.5,0.278,2.1,3.3,0.647,0.615,0.8,1.2,0.619,1.7,2.5,4.2,0.5,0.4,0.5,0.7,2.1,5.5,1878720.0,1.87872,5.429228410832907,5023.315494590066,0.3642383864742791,10.4,5.535683869868847
daniel gafford,C,24,WAS,78,47,20.6,3.7,5.1,0.732,0.0,0.0,,3.7,5.1,0.732,0.732,1.6,2.4,0.679,2.1,3.5,5.6,1.1,0.4,1.3,1.1,2.4,9.0,1930681.0,1.930681,8.131845706255978,2750.2578308400884,0.43689318267508814,16.299999999999997,8.442616879743467
darius garland,PG,23,CLE,69,69,35.5,7.6,16.4,0.462,2.4,6.0,0.41,5.1,10.4,0.492,0.537,4.0,4.7,0.863,0.4,2.3,2.7,7.8,1.2,0.1,2.9,2.1,21.6,8920794.0,8.920794,3.59833440834975,5985.503216595877,0.6084506870858962,30.500000000000007,3.4189781761578626
usman garuba,C,20,HOU,75,1,12.9,1.1,2.4,0.486,0.3,0.8,0.407,0.8,1.6,0.525,0.554,0.4,0.6,0.617,1.6,2.5,4.1,0.9,0.6,0.4,0.6,1.8,3.0,2471160.0,2.47116,3.2373460237297467,10982.933284520297,0.23255812150712238,8.4,3.399213324916234
luka garza,C,24,MIN,28,0,8.7,2.3,4.1,0.543,0.5,1.4,0.359,1.8,2.8,0.636,0.603,1.5,1.9,0.788,1.2,1.1,2.3,0.6,0.1,0.1,0.5,1.5,6.5,508891.0,0.508891,18.471539091868397,2796.1043802411846,0.7471263509050172,9.1,17.882021886808765
rudy gay,PF,36,UTA,56,0,14.6,1.9,5.1,0.38,0.6,2.3,0.254,1.4,2.8,0.484,0.437,0.8,0.9,0.857,0.6,2.3,2.9,1.0,0.3,0.3,0.7,1.2,5.2,6184500.0,6.1845,1.4714204867006224,21237.980696298146,0.35616435916682476,9.000000000000002,1.4552510308028137
paul george,SF,32,LAC,56,56,34.6,8.2,17.9,0.457,2.8,7.6,0.371,5.4,10.3,0.521,0.536,4.6,5.3,0.871,0.8,5.3,6.1,5.1,1.5,0.4,3.1,2.8,23.8,42492492.0,42.492492,0.823674921207257,31882.121824818336,0.6878612517959176,33.8,0.7954346381944367
taj gibson,C,37,WAS,49,2,9.8,1.3,2.6,0.52,0.2,0.5,0.333,1.2,2.1,0.564,0.552,0.6,0.9,0.714,0.7,1.2,1.9,0.7,0.3,0.2,0.5,1.7,3.4,2905851.0,2.905851,2.0647996060362352,17442.08272843888,0.34693874010829184,6.0,2.0647996060362352
josh giddey,PF,20,OKC,76,76,31.1,7.1,14.7,0.482,1.0,3.1,0.325,6.1,11.6,0.524,0.516,1.4,1.9,0.731,1.9,5.9,7.9,6.2,0.8,0.4,2.8,1.9,16.6,6287400.0,6.2874,4.882781435887648,4983.6715242678565,0.533762040715047,29.099999999999998,4.628304227502624
shai gilgeous-alexander,PG,24,OKC,68,68,35.5,10.4,20.3,0.51,0.9,2.5,0.345,9.5,17.8,0.533,0.531,9.8,10.9,0.905,0.9,4.0,4.8,5.5,1.6,1.0,2.8,2.8,31.4,30913750.0,30.91375,1.3489143180623508,14478.151922780935,0.8845070173378305,41.5,1.3424447050260806
anthony gill,PF,30,WAS,59,8,10.6,1.2,2.2,0.538,0.1,0.5,0.138,1.1,1.7,0.65,0.553,0.8,1.1,0.731,0.6,1.1,1.7,0.6,0.1,0.2,0.3,1.2,3.3,1836090.0,1.83609,3.0499594246469397,9430.354342936034,0.3113207253471014,5.6,3.0499594246469397
jacob gilyard,PG,24,MEM,1,0,41.0,1.0,3.0,0.333,1.0,3.0,0.333,0.0,0.0,,0.5,0.0,0.0,,0.0,4.0,4.0,7.0,3.0,0.0,2.0,3.0,3.0,5849.0,0.005849,2393.571550692426,1949.6660167779944,0.07317072992266513,15.0,2564.5409471704565
rudy gobert,C,30,MIN,70,70,30.7,5.1,7.8,0.659,0.0,0.0,0.0,5.1,7.8,0.663,0.659,3.1,4.9,0.644,3.3,8.3,11.6,1.2,0.8,1.4,1.7,3.0,13.4,38172414.0,38.172414,0.6863595265418634,40695.5372700474,0.4364820704728967,26.7,0.6994579907888455
jordan goodwin,PG,24,WAS,62,7,17.8,2.5,5.7,0.448,0.6,1.9,0.322,1.9,3.8,0.511,0.501,0.9,1.1,0.768,0.9,2.4,3.3,2.7,0.9,0.4,0.9,1.5,6.6,1280206.0,1.280206,9.842166026405124,3128.558154622292,0.3707864960232305,12.999999999999998,10.154615741529097
aaron gordon,PF,27,DEN,68,68,30.2,6.3,11.2,0.564,0.9,2.5,0.347,5.4,8.6,0.628,0.603,2.8,4.6,0.608,2.4,4.1,6.6,3.0,0.8,0.8,1.4,1.9,16.3,19690909.0,19.690909,1.3153277992397403,17765.165086823195,0.5397350814657258,26.1,1.3254847706624413
eric gordon,SG,34,TOT,69,58,28.5,4.2,9.5,0.446,1.9,5.2,0.371,2.3,4.3,0.535,0.547,2.1,2.5,0.821,0.2,1.7,1.9,2.7,0.6,0.4,1.5,1.1,12.4,19568360.0,19.56836,0.8687493484379888,22870.92096438649,0.43508770403201036,16.5,0.843197897013342
eric gordon,SG,34,HOU,47,47,30.2,4.5,10.2,0.439,1.8,5.2,0.347,2.7,5.0,0.536,0.528,2.3,2.9,0.815,0.3,1.8,2.1,2.9,0.6,0.4,1.8,1.0,13.1,19568360.0,19.56836,0.9249625415722115,31782.29652138656,0.43377482007368146,17.299999999999997,0.8840802192927766
eric gordon,SG,34,LAC,22,11,24.9,3.7,8.0,0.463,2.1,5.0,0.423,1.5,2.9,0.531,0.597,1.5,1.7,0.842,0.2,1.5,1.7,2.1,0.6,0.4,1.0,1.5,11.0,19568360.0,19.56836,0.7563229621695431,80860.99140140087,0.4417670505314438,14.799999999999999,0.7563229621695431
jerami grant,PF,28,POR,63,63,35.7,6.9,14.5,0.475,2.3,5.7,0.401,4.6,8.8,0.523,0.554,4.4,5.4,0.813,0.8,3.7,4.5,2.4,0.8,0.8,1.8,2.4,20.5,20955000.0,20.955,1.3075638272488666,16225.319383487944,0.5742296757918858,27.2,1.2980195657361013
raiquan gray,PF,23,BRK,1,0,35.0,6.0,12.0,0.5,2.0,5.0,0.4,4.0,7.0,0.571,0.583,2.0,2.0,1.0,3.0,6.0,9.0,7.0,0.0,1.0,4.0,5.0,16.0,5849.0,0.005849,5471.020687296974,365.56247715234514,0.4571428440816331,29.0,4958.112497862882
danny green,SG,35,TOT,11,0,12.5,2.0,4.5,0.449,1.5,3.4,0.432,0.5,1.1,0.5,0.612,0.1,0.1,1.0,0.3,1.0,1.3,0.5,0.5,0.3,0.9,1.5,5.5,11710528.0,11.710528,0.6233706968635402,193562.44308161252,0.43999996480000286,7.199999999999999,0.6148313722489711
danny green,SG,35,MEM,3,0,14.3,1.0,3.7,0.273,1.0,2.7,0.375,0.0,1.0,0.0,0.409,0.0,0.0,,0.3,1.0,1.3,0.7,0.3,0.0,1.0,2.0,3.0,11710528.0,11.710528,0.4269662307284522,1301169.6332033742,0.20979019511956679,4.3,0.36719095842646887
danny green,SG,35,CLE,8,0,11.9,2.4,4.8,0.5,1.6,3.6,0.448,0.8,1.1,0.667,0.671,0.1,0.1,1.0,0.3,1.0,1.3,0.5,0.6,0.4,0.9,1.3,6.5,11710528.0,11.710528,0.7087639430092307,225202.45720764506,0.5462184414942486,8.4,0.7173032676237997
draymond green,PF,32,GSW,73,73,31.5,3.4,6.5,0.527,0.5,1.8,0.305,2.9,4.7,0.612,0.57,1.1,1.5,0.713,0.9,6.3,7.2,6.8,1.0,0.8,2.8,3.1,8.5,25806468.0,25.806468,0.8718744463597266,41589.79525932346,0.26984126127488056,21.5,0.833124470965961
jalen green,SG,20,HOU,76,76,34.2,7.4,17.9,0.416,2.5,7.3,0.338,5.0,10.6,0.471,0.485,4.8,6.1,0.786,0.6,3.2,3.7,3.7,0.8,0.2,2.6,1.7,22.1,9441840.0,9.44184,3.1243910085322355,5621.481301725718,0.6461988115146546,27.9,2.954932513154216
jamychal green,PF,32,GSW,57,1,14.0,2.4,4.4,0.54,0.7,1.9,0.378,1.6,2.5,0.667,0.623,0.9,1.2,0.776,1.3,2.3,3.6,0.9,0.4,0.4,0.9,1.8,6.4,8200000.0,8.2,1.329268292682927,22478.07011382108,0.4571428244897983,10.8,1.3170731707317076
javonte green,SF,29,CHI,32,1,15.0,1.9,3.4,0.565,0.4,1.1,0.371,1.5,2.3,0.658,0.625,0.9,1.4,0.667,0.8,1.9,2.8,0.7,0.8,0.7,0.6,1.6,5.2,1815677.0,1.815677,4.791601149323365,10911.520367118266,0.34666664355555715,9.6,5.2872840268395755
jeff green,PF,36,DEN,56,4,19.5,2.9,5.9,0.488,0.5,1.9,0.288,2.3,4.0,0.58,0.534,1.6,2.1,0.744,0.7,1.9,2.6,1.2,0.3,0.3,0.8,1.8,7.8,4500000.0,4.5,2.5777777777777775,10302.197778612184,0.3999999794871805,11.4,2.533333333333333
josh green,SG,22,DAL,60,21,25.7,3.4,6.4,0.537,1.1,2.8,0.402,2.3,3.6,0.643,0.626,1.1,1.6,0.723,0.9,2.1,3.0,1.7,0.7,0.1,1.2,2.6,9.1,3098400.0,3.0984,4.453911696359412,5674.725264332005,0.3540855893351911,13.399999999999999,4.324812806609863
aj griffin,SF,19,ATL,72,12,19.5,3.4,7.4,0.465,1.4,3.6,0.39,2.0,3.8,0.536,0.56,0.6,0.7,0.894,0.5,1.6,2.1,1.0,0.6,0.2,0.6,1.2,8.9,3536160.0,3.53616,3.3935116058096915,5518.352051313433,0.4564102330046034,12.2,3.4500701325731864
blake griffin,C,33,BOS,41,16,13.9,1.5,3.2,0.485,0.6,1.6,0.348,1.0,1.6,0.625,0.573,0.5,0.8,0.656,1.1,2.6,3.8,1.5,0.3,0.2,0.5,1.8,4.1,2905851.0,2.905851,3.2348527161234344,17286.44249085995,0.2949640075565462,9.399999999999999,3.2348527161234344
quentin grimes,SG,22,NYK,71,66,29.9,4.0,8.5,0.468,2.2,5.7,0.386,1.8,2.7,0.641,0.599,1.1,1.4,0.796,0.7,2.5,3.2,2.1,0.7,0.4,1.0,2.5,11.3,2277000.0,2.277,7.290294246815986,2838.090486304262,0.37792640876500305,16.7,7.334211682037768
rui hachimura,PF,24,TOT,63,9,23.3,4.5,9.3,0.486,0.8,2.5,0.319,3.7,6.7,0.55,0.53,1.4,1.9,0.739,0.8,3.7,4.5,0.9,0.3,0.4,0.8,1.1,11.2,6263188.0,6.263188,2.6504074282937053,8876.400214177438,0.4806866746486405,16.499999999999996,2.634441118484707
rui hachimura,PF,24,WAS,30,0,24.3,5.3,10.8,0.488,1.0,3.0,0.337,4.3,7.8,0.545,0.534,1.5,1.9,0.759,0.6,3.6,4.3,1.2,0.4,0.4,1.2,1.3,13.0,6263188.0,6.263188,2.953767314664672,16059.456369078318,0.5349794018526994,18.099999999999998,2.889902075428679
rui hachimura,PF,24,LAL,33,9,22.4,3.8,7.9,0.485,0.6,2.2,0.296,3.2,5.7,0.556,0.525,1.3,1.8,0.721,1.0,3.7,4.7,0.7,0.2,0.4,0.5,1.0,9.6,6263188.0,6.263188,2.3949464713497344,19770.16407900832,0.42857140943877636,15.1,2.4109127811587325
tyrese haliburton,PG,22,IND,56,56,33.6,7.4,15.0,0.49,2.9,7.2,0.4,4.5,7.8,0.572,0.586,3.1,3.6,0.871,0.6,3.1,3.7,10.4,1.6,0.4,2.5,1.2,20.7,4215120.0,4.21512,8.255992711951261,3636.2318809211247,0.6160714102359699,34.3,8.137372127009433
jordan hall,SF,21,SAS,9,0,9.2,1.0,3.1,0.321,0.3,1.7,0.2,0.7,1.4,0.462,0.375,0.8,1.0,0.778,0.3,1.0,1.3,1.2,0.1,0.0,0.8,0.7,3.1,193027.0,0.193027,29.011485439860746,6918.530217973826,0.3369564851134256,4.9,25.385049759878154
james harden,PG,33,PHI,58,58,36.8,6.4,14.5,0.441,2.8,7.2,0.385,3.6,7.3,0.495,0.536,5.4,6.2,0.867,0.7,5.4,6.1,10.7,1.2,0.5,3.4,1.9,21.0,33000000.0,33.0,1.1454545454545453,27093.596036868967,0.5706521584061914,36.1,1.093939393939394
jaden hardy,SG,20,DAL,48,5,14.8,3.0,6.9,0.438,1.3,3.3,0.404,1.7,3.7,0.469,0.533,1.4,1.6,0.823,0.2,1.6,1.9,1.4,0.4,0.1,1.0,1.3,8.8,1017781.0,1.017781,11.888608649601437,2409.519407174433,0.5945945544192869,11.600000000000001,11.397343829369973
montrezl harrell,C,29,PHI,57,7,11.9,2.2,3.7,0.598,0.0,0.1,0.0,2.2,3.6,0.616,0.598,1.2,1.8,0.693,1.2,1.6,2.8,0.6,0.3,0.4,0.6,1.3,5.6,2463490.0,2.46349,3.653353575618329,7717.700477074874,0.4705881957488911,9.1,3.6939463931252
gary harris,SG,28,ORL,48,42,24.7,2.9,6.4,0.45,2.0,4.5,0.431,0.9,1.9,0.494,0.603,0.6,0.6,0.9,0.4,1.6,2.0,1.2,0.9,0.3,0.6,1.9,8.3,13000000.0,13.0,0.8846153846153846,32630.52200644949,0.336032375059418,12.100000000000001,0.9307692307692309
joe harris,SF,31,BRK,74,33,20.6,2.7,5.9,0.457,1.9,4.5,0.426,0.8,1.4,0.551,0.618,0.2,0.4,0.643,0.3,1.9,2.2,1.4,0.5,0.2,0.6,1.9,7.6,18642857.0,18.642857,0.6007662881284774,33148.74994105841,0.36893202092563,11.3,0.6061302728439102
kevon harris,SG,25,ORL,34,0,13.4,1.4,3.1,0.439,0.5,1.3,0.372,0.9,1.9,0.484,0.514,0.9,1.2,0.756,0.8,1.2,2.1,0.5,0.5,0.1,0.6,1.6,4.1,508891.0,0.508891,13.165884246331728,3650.581035505158,0.3059701264201398,6.699999999999999,13.165884246331728
tobias harris,SF,30,PHI,74,74,32.9,5.7,11.4,0.501,1.7,4.4,0.389,4.0,7.0,0.57,0.575,1.5,1.7,0.876,0.9,4.8,5.7,2.5,0.9,0.5,1.2,2.0,14.7,37633050.0,37.63305,0.6085076814130133,34595.559813756605,0.44680849705749254,23.099999999999998,0.6138221589799392
shaquille harrison,SG,29,POR,5,0,24.0,3.0,7.2,0.417,0.6,2.0,0.3,2.4,5.2,0.462,0.458,2.2,3.0,0.733,0.2,4.2,4.4,6.0,2.2,0.4,1.2,2.4,8.8,134862.0,0.134862,142.3677537037861,3065.045384885332,0.36666665138888954,20.6,152.74873574468717
josh hart,SF,27,TOT,76,52,32.3,3.6,6.8,0.529,0.8,2.2,0.372,2.8,4.7,0.601,0.588,1.7,2.3,0.75,1.9,5.9,7.8,3.8,1.2,0.3,1.5,2.6,9.8,12960000.0,12.96,1.6512345679012346,17400.644444950798,0.30340556336205693,21.400000000000002,1.6512345679012346
josh hart,SF,27,POR,51,51,33.4,3.6,7.1,0.504,0.7,2.2,0.304,2.9,4.9,0.594,0.551,1.7,2.3,0.731,1.9,6.3,8.2,3.9,1.1,0.2,1.5,2.6,9.5,12960000.0,12.96,1.6666666666666663,26749.22595098199,0.2844311292086489,21.4,1.6512345679012344
josh hart,SF,27,NYK,25,1,30.0,3.7,6.3,0.586,1.1,2.1,0.519,2.6,4.2,0.619,0.672,1.8,2.3,0.789,1.9,5.2,7.0,3.6,1.4,0.5,1.5,2.5,10.2,12960000.0,12.96,1.6049382716049383,50823.52921245676,0.33999998866666703,21.2,1.6358024691358024
isaiah hartenstein,C,24,NYK,82,8,19.8,2.1,4.0,0.535,0.1,0.5,0.216,2.0,3.5,0.576,0.547,0.6,0.9,0.676,2.5,4.0,6.5,1.2,0.6,0.8,0.8,2.6,5.0,8854879.0,8.854879,1.434237554234225,21597.265800982277,0.2525252397714525,13.299999999999999,1.5019968087649755
udonis haslem,C,42,MIA,7,1,10.1,1.4,4.1,0.345,0.4,1.3,0.333,1.0,2.9,0.35,0.397,0.6,0.7,0.8,0.6,1.0,1.6,0.0,0.1,0.3,0.1,1.6,3.9,2905851.0,2.905851,1.892732972199882,106441.42467247527,0.38613857562984405,5.8,1.9959729525016938
sam hauser,SF,25,BOS,80,8,16.1,2.3,5.0,0.455,1.8,4.2,0.418,0.5,0.8,0.656,0.631,0.2,0.2,0.706,0.4,2.1,2.6,0.9,0.4,0.3,0.4,1.2,6.4,1637966.0,1.637966,6.044081501081219,3199.1523375016554,0.3975155032599066,10.200000000000001,6.227235485962469
jaxson hayes,C,22,NOP,47,2,13.0,1.8,3.3,0.551,0.1,0.6,0.103,1.8,2.7,0.654,0.561,1.2,1.8,0.699,0.8,2.0,2.8,0.7,0.4,0.4,0.7,1.4,5.0,6803012.0,6.803012,1.2494465686669376,28948.987110855374,0.3846153550295881,8.600000000000001,1.2641459400630193
killian hayes,PG,21,DET,76,56,28.3,4.0,10.7,0.377,1.1,3.8,0.28,3.0,7.0,0.429,0.426,1.2,1.5,0.821,0.4,2.5,2.9,6.2,1.4,0.4,2.3,2.9,10.3,5837760.0,5.83776,3.3231924573809133,7457.537036972997,0.36395758431245284,18.9,3.2375431672422295
gordon hayward,SF,32,CHO,50,50,31.5,5.5,11.6,0.475,1.0,3.2,0.325,4.5,8.4,0.532,0.52,2.6,3.2,0.811,0.7,3.6,4.3,4.1,0.8,0.2,2.0,1.4,14.7,30075000.0,30.075,0.7680798004987531,40918.367291267525,0.4666666518518523,22.1,0.7348295926849543
tyler herro,SG,23,MIA,67,67,34.9,7.3,16.6,0.439,3.0,8.0,0.378,4.2,8.5,0.497,0.531,2.5,2.7,0.934,0.4,5.0,5.4,4.2,0.8,0.2,2.4,1.5,20.1,5722116.0,5.722116,5.190387611855474,4248.9908634075955,0.5759312155893636,28.3,4.945722875943096
buddy hield,SF,30,IND,80,73,31.0,5.9,13.0,0.458,3.6,8.5,0.425,2.3,4.5,0.518,0.596,1.3,1.6,0.822,0.8,4.2,5.0,2.8,1.2,0.3,1.7,2.0,16.8,21177750.0,21.17775,1.161596486878918,15757.254452561565,0.5419354663891786,24.400000000000002,1.1521526130018536
haywood highsmith,PF,26,MIA,54,11,17.9,1.7,4.0,0.431,0.7,2.0,0.339,1.0,2.0,0.523,0.516,0.2,0.5,0.464,1.1,2.4,3.5,0.8,0.7,0.3,0.8,1.5,4.4,1752638.0,1.752638,4.963945777736191,7376.422527877009,0.24581004213351723,8.9,5.0780594737761025
george hill,PG-SG,36,TOT,46,1,18.1,1.7,3.6,0.47,0.7,2.1,0.358,1.0,1.5,0.62,0.572,0.9,1.2,0.764,0.3,1.5,1.8,2.4,0.6,0.1,0.7,1.2,5.0,4000000.0,4.0,2.3,17391.30427221172,0.2762430786606033,9.2,2.3
george hill,PG,36,MIL,35,0,19.1,1.7,3.8,0.447,0.7,2.1,0.311,1.0,1.7,0.621,0.534,1.0,1.3,0.739,0.4,1.5,1.9,2.5,0.5,0.1,0.8,1.2,5.0,4000000.0,4.0,2.35,22857.142726530612,0.2617800910062779,9.2,2.3
george hill,SG,36,IND,11,1,15.1,1.7,3.1,0.559,1.0,1.9,0.524,0.7,1.2,0.615,0.721,0.7,0.8,0.889,0.2,1.5,1.6,1.9,0.6,0.3,0.6,1.3,5.2,4000000.0,4.0,2.1750000000000003,69930.06870751629,0.34437083812113656,9.000000000000002,2.2500000000000004
malcolm hill,SF,27,CHI,5,0,1.8,0.4,0.8,0.5,0.2,0.6,0.333,0.2,0.2,1.0,0.625,0.0,0.0,,0.0,0.6,0.6,0.0,0.0,0.0,0.0,0.2,1.0,508891.0,0.508891,3.144091760318025,101778.17964436406,0.5555552469137517,1.6,3.144091760318025
aaron holiday,PG,26,ATL,63,6,13.4,1.5,3.5,0.418,0.6,1.4,0.409,0.9,2.1,0.424,0.5,0.4,0.5,0.844,0.4,0.8,1.2,1.4,0.6,0.2,0.6,1.3,3.9,1968175.0,1.968175,3.302551856415207,8010.480227877574,0.2910447543996452,6.7,3.404168836612598
jrue holiday,PG,32,MIL,67,65,32.6,7.3,15.3,0.479,2.4,6.1,0.384,5.0,9.1,0.542,0.556,2.3,2.6,0.859,1.2,3.9,5.1,7.4,1.2,0.4,2.9,1.7,19.3,34319520.0,34.31952,0.926586385823578,26540.49955414082,0.5920245217170392,30.5,0.8887070681641236
justin holiday,SF,33,TOT,46,2,15.3,1.7,4.4,0.377,1.0,3.1,0.322,0.7,1.3,0.508,0.49,0.1,0.2,0.625,0.1,1.1,1.2,0.9,0.4,0.4,0.5,1.5,4.5,5987975.0,5.987975,1.1022090105586615,28927.41531919123,0.29411762783544915,6.900000000000001,1.1523094201295099
justin holiday,SF,33,ATL,28,0,14.7,1.7,4.5,0.384,1.1,3.1,0.345,0.6,1.4,0.474,0.504,0.0,0.0,,0.1,0.8,0.8,0.9,0.2,0.4,0.4,1.3,4.5,5987975.0,5.987975,1.035408464464197,47523.6107339396,0.3061224281549369,6.4,1.0688087375114292
justin holiday,SF,33,DAL,18,2,16.4,1.6,4.4,0.367,0.9,3.1,0.286,0.7,1.3,0.565,0.468,0.3,0.4,0.625,0.2,1.6,1.8,0.9,0.8,0.5,0.6,1.7,4.4,5987975.0,5.987975,1.185709693176742,75605.74399487698,0.2682926665675204,7.800000000000001,1.3026106488420546
richaun holmes,C,29,SAC,42,1,8.3,1.3,2.1,0.618,0.1,0.2,0.625,1.2,1.9,0.617,0.646,0.4,0.5,0.789,0.7,1.2,1.9,0.2,0.1,0.3,0.3,1.2,3.1,11215260.0,11.21526,0.4636539857301569,86138.70901583172,0.3734939309043457,5.3,0.4725704085326599
al horford,C,36,BOS,63,63,30.5,3.6,7.6,0.476,2.3,5.2,0.446,1.3,2.4,0.539,0.627,0.2,0.3,0.714,1.2,5.0,6.2,3.0,0.5,1.0,0.6,1.9,9.8,26500000.0,26.5,0.7169811320754716,42921.93060751225,0.3213114648750339,19.9,0.750943396226415
talen horton-tucker,SG,22,UTA,65,20,20.2,4.0,9.4,0.419,0.9,3.1,0.286,3.1,6.3,0.485,0.467,1.9,2.6,0.75,0.6,2.6,3.2,3.8,0.6,0.4,1.9,1.7,10.7,10260000.0,10.26,1.7251461988304093,14751.976973757042,0.5297029440741117,16.8,1.6374269005847955
caleb houstan,SF,20,ORL,51,4,15.9,1.3,3.6,0.363,0.9,2.7,0.338,0.4,0.9,0.435,0.489,0.3,0.4,0.833,0.7,1.3,1.9,0.6,0.2,0.1,0.4,1.2,3.8,2000000.0,2.0,3.1499999999999995,10319.917387410129,0.23899369566077386,6.199999999999998,3.099999999999999
trevor hudgins,PG,23,HOU,5,0,5.6,0.4,1.8,0.222,0.4,1.6,0.25,0.0,0.2,0.0,0.333,0.6,0.6,1.0,0.0,0.0,0.0,0.6,0.0,0.0,0.2,0.2,1.8,508891.0,0.508891,4.716137640477037,56543.43816184021,0.3214285140306225,2.1999999999999997,4.323126170437284
kevin huerter,SG,24,SAC,75,75,29.4,5.6,11.5,0.485,2.7,6.8,0.402,2.9,4.7,0.604,0.603,1.3,1.7,0.725,0.6,2.8,3.3,2.9,1.1,0.3,1.3,2.4,15.2,14508929.0,14.508929,1.4749538025859799,12727.130690590235,0.5170067851358237,21.5,1.4818461100746996
jay huff,C,24,WAS,7,0,13.6,2.1,3.6,0.6,0.9,1.7,0.5,1.3,1.9,0.692,0.72,2.1,2.3,0.938,0.9,2.1,3.0,1.4,0.4,0.6,0.7,2.1,7.3,116986.0,0.116986,100.01196724394373,2289.354162634948,0.5367646664143628,12.000000000000002,102.57637666045511
de'andre hunter,SF,25,ATL,67,67,31.7,5.7,12.3,0.461,1.5,4.3,0.35,4.2,8.0,0.521,0.522,2.6,3.1,0.826,0.7,3.6,4.2,1.4,0.5,0.3,1.2,3.0,15.4,9835881.0,9.835881,2.1350400640268012,9532.739862829289,0.4858044010787255,20.6,2.094372634235815
bones hyland,PG,22,TOT,56,1,19.4,4.1,10.2,0.399,2.1,5.6,0.371,2.0,4.6,0.434,0.502,1.5,1.8,0.843,0.4,2.1,2.4,3.1,0.7,0.3,1.5,1.7,11.8,2201520.0,2.20152,7.858207056942477,3331.59805791223,0.6082473913274541,16.8,7.631091246048186
bones hyland,PG,22,DEN,42,1,19.5,4.1,10.3,0.399,2.2,5.7,0.378,2.0,4.6,0.425,0.503,1.7,2.0,0.866,0.2,1.8,2.0,3.0,0.7,0.3,1.6,1.6,12.1,2201520.0,2.20152,7.767360732584761,4331.99526892563,0.6205127886916518,16.5,7.49482175951161
bones hyland,PG,22,LAC,14,0,18.9,3.9,9.8,0.401,1.9,5.3,0.351,2.1,4.5,0.46,0.496,1.1,1.4,0.75,0.7,2.8,3.5,3.4,0.8,0.1,1.1,2.1,10.8,2201520.0,2.20152,8.03989970565791,14560.317364019063,0.5714285411942571,17.5,7.9490533813001925
serge ibaka,C,33,MIL,16,0,11.6,1.6,3.4,0.481,0.4,1.1,0.333,1.3,2.3,0.556,0.537,0.5,0.8,0.615,0.9,1.8,2.8,0.3,0.1,0.4,0.7,1.4,4.1,2905851.0,2.905851,2.4777595272434816,44296.508471089815,0.35344824539239267,6.999999999999999,2.4089328737089404
andre iguodala,PF,39,GSW,8,0,14.1,0.9,1.9,0.467,0.1,1.1,0.111,0.8,0.8,1.0,0.5,0.3,0.4,0.667,0.4,1.8,2.1,2.4,0.5,0.4,1.1,1.4,2.1,2905851.0,2.905851,2.2712795666398584,172967.31113289812,0.14893615964991777,6.4,2.2024529131053177
joe ingles,SF,35,MIL,46,0,22.7,2.3,5.4,0.435,1.8,4.4,0.409,0.5,1.0,0.556,0.603,0.4,0.5,0.857,0.3,2.5,2.8,3.3,0.7,0.1,1.2,1.6,6.9,6479000.0,6.479,2.0064824818644853,20412.72835408718,0.3039647443187337,12.6,1.9447445593455779
brandon ingram,SF,25,NOP,45,45,34.2,9.0,18.6,0.484,1.4,3.6,0.39,7.6,14.9,0.507,0.522,5.3,6.0,0.882,0.5,5.0,5.5,5.8,0.7,0.4,3.3,2.6,24.7,31650600.0,31.6506,1.1374191958446285,28475.573523638708,0.722222201104614,33.800000000000004,1.067910244987457
kyrie irving,PG-SG,30,TOT,60,60,37.4,9.9,20.1,0.494,3.1,8.3,0.379,6.8,11.8,0.574,0.572,4.1,4.6,0.905,1.0,4.1,5.1,5.5,1.1,0.8,2.1,2.8,27.1,38917057.0,38.917057,0.9687269003922883,23934.229382574274,0.724598911106981,37.5,0.9635877656421964
kyrie irving,PG,30,BRK,40,40,37.0,10.0,20.5,0.486,3.3,8.7,0.374,6.7,11.8,0.569,0.565,4.0,4.5,0.883,1.0,4.2,5.1,5.3,1.0,0.8,2.3,2.7,27.1,38917057.0,38.917057,0.9635877656421964,35901.344062821634,0.7324324126369619,37.0,0.9507399287669671
kyrie irving,SG,30,DAL,20,20,38.2,9.8,19.2,0.51,2.9,7.4,0.392,6.9,11.8,0.585,0.586,4.5,4.7,0.947,1.1,4.0,5.0,6.0,1.3,0.6,1.9,2.8,27.0,38917057.0,38.917057,0.9764356025174257,72068.62394061366,0.7068062642197313,38.0,0.9764356025174257
jonathan isaac,PF,25,ORL,11,0,11.3,2.0,4.8,0.415,0.5,1.4,0.4,1.5,3.5,0.421,0.472,0.5,0.8,0.556,1.4,2.6,4.0,0.5,1.3,0.4,0.4,0.5,5.0,17400000.0,17.4,0.5459770114942529,316363.6306115704,0.442477836948864,10.8,0.6206896551724139
jaden ivey,SG,20,DET,74,73,31.1,5.5,13.3,0.416,1.6,4.7,0.343,3.9,8.6,0.457,0.477,3.6,4.8,0.747,1.0,2.9,3.9,5.2,0.8,0.2,3.2,3.3,16.3,7252200.0,7.2522,3.50238548302584,6012.4357436474575,0.5241157387744135,23.2,3.1990292600865944
frank jackson,PG,24,UTA,1,0,5.0,0.0,3.0,0.0,0.0,1.0,0.0,0.0,2.0,0.0,0.0,0.0,0.0,,1.0,1.0,2.0,1.0,0.0,0.0,0.0,0.0,0.0,113114.0,0.113114,26.521915943207738,113114000000.0,0.0,3.0,26.521915943207738
isaiah jackson,C,21,IND,63,12,16.5,2.8,5.0,0.563,0.0,0.2,0.143,2.8,4.8,0.582,0.566,1.5,2.3,0.651,1.8,2.7,4.5,0.8,0.5,1.5,0.8,2.4,7.2,2573760.0,2.57376,4.856707696133284,5674.074061565092,0.43636360991735695,13.7,5.322951634962078
justin jackson,SF,27,BOS,23,0,4.7,0.3,1.2,0.259,0.2,0.9,0.25,0.1,0.3,0.286,0.352,0.0,0.1,0.5,0.1,0.7,0.7,0.4,0.2,0.2,0.1,0.3,0.9,1836090.0,1.83609,1.089271223088193,88699.99571497604,0.19148932095971893,2.3000000000000003,1.252661906551422
quenton jackson,PG,24,WAS,9,0,15.0,2.1,4.7,0.452,0.1,1.3,0.083,2.0,3.3,0.6,0.464,1.9,2.4,0.773,0.2,0.7,0.9,1.7,0.4,0.1,0.4,1.1,6.2,219630.0,0.21963,40.0673860583709,3936.0214348383256,0.41333330577777966,8.9,40.52269726357966
reggie jackson,PG,32,TOT,68,40,24.4,3.9,9.4,0.411,1.4,4.2,0.333,2.5,5.2,0.474,0.486,1.0,1.1,0.91,0.4,1.8,2.1,3.4,0.7,0.1,1.7,1.7,10.2,11457217.0,11.457217,1.3703153217749127,16518.478926588123,0.41803276975275533,14.8,1.2917622141572427
reggie jackson,PG,32,LAC,52,38,25.7,4.1,9.8,0.418,1.5,4.2,0.35,2.6,5.6,0.469,0.493,1.2,1.3,0.924,0.4,1.8,2.2,3.5,0.7,0.1,1.8,1.8,10.9,11457217.0,11.457217,1.448868429392583,20213.861996799817,0.4241244971157783,15.600000000000001,1.3615871987062829
reggie jackson,PG,32,DEN,16,2,19.9,3.1,8.0,0.383,1.2,4.3,0.279,1.9,3.8,0.5,0.457,0.6,0.8,0.833,0.2,1.6,1.8,3.1,0.6,0.1,1.2,1.4,7.9,11457217.0,11.457217,1.1171997527846422,90642.53883985333,0.3969849046741254,12.3,1.0735591374414921
lebron james,PF,38,LAL,55,54,35.5,11.1,22.2,0.5,2.2,6.9,0.321,8.9,15.3,0.58,0.549,4.6,5.9,0.768,1.2,7.1,8.3,6.8,0.9,0.6,3.2,1.6,28.9,44474988.0,44.474988,0.9893201095411199,27980.489444491668,0.8140844841102962,42.3,0.9510963780361221
ty jerome,SG,25,GSW,45,2,18.1,2.6,5.4,0.488,0.8,2.0,0.389,1.8,3.4,0.546,0.56,0.8,0.9,0.927,0.2,1.6,1.7,3.0,0.5,0.1,0.7,1.4,6.9,4728948.0,4.728948,2.452976856586285,15230.106231142976,0.38121544855163264,11.5,2.4318305043743345
isaiah joe,SG,23,OKC,73,10,19.1,3.1,7.0,0.441,2.2,5.4,0.409,0.9,1.6,0.553,0.599,1.1,1.4,0.82,0.4,2.0,2.4,1.2,0.7,0.1,0.5,1.4,9.5,1836090.0,1.83609,7.1347265112276625,2647.5702917843255,0.49738217291192804,13.399999999999999,7.298117194690891
alize johnson,PF,26,SAS,4,0,7.5,0.8,1.5,0.5,0.0,0.5,0.0,0.8,1.0,0.75,0.5,0.3,0.5,0.5,0.5,2.0,2.5,0.3,0.3,0.0,1.0,0.8,1.8,192293.0,0.192293,23.92182762763075,26707.357401755915,0.23999996800000425,3.8999999999999995,20.28154951038259
cameron johnson,PF,26,TOT,42,41,28.5,5.3,11.3,0.47,2.5,6.1,0.404,2.9,5.2,0.548,0.579,2.4,2.9,0.842,0.8,3.6,4.4,1.9,1.2,0.3,0.9,2.0,15.5,5887899.0,5.887899,3.702509163285579,9044.39169117605,0.5438596300400129,22.4,3.80441308521087
cameron johnson,PF,26,PHO,17,16,25.2,4.8,10.2,0.474,2.6,5.8,0.455,2.2,4.4,0.5,0.604,1.6,1.9,0.818,0.8,3.0,3.8,1.5,0.9,0.4,0.6,1.7,13.9,5887899.0,5.887899,3.2609255016093175,24917.05025426555,0.5515872796989175,19.899999999999995,3.3798134105221567
cameron johnson,PF,26,BRK,25,25,30.8,5.6,12.0,0.468,2.3,6.2,0.372,3.3,5.8,0.572,0.565,3.0,3.5,0.851,0.8,4.0,4.8,2.1,1.4,0.3,1.1,2.2,16.6,5887899.0,5.887899,3.991236942073905,14187.70839954769,0.5389610214623045,24.1,4.093140863999196
jalen johnson,SF,21,ATL,70,6,14.9,2.3,4.6,0.491,0.4,1.5,0.288,1.8,3.1,0.587,0.537,0.7,1.1,0.628,0.7,3.3,4.0,1.2,0.5,0.5,0.6,1.6,5.6,2792640.0,2.79264,3.867308353386043,7124.0816144793835,0.37583890095040934,11.2,4.0105419961040445
james johnson,PF,35,IND,18,1,9.0,1.2,2.7,0.449,0.2,0.8,0.2,1.1,1.9,0.559,0.48,0.2,0.4,0.5,0.2,1.4,1.7,0.8,0.4,0.3,0.4,1.8,2.8,3841067.0,3.841067,1.3798249288544042,76211.64531326102,0.31111107654321374,5.6,1.4579282267140876
keldon johnson,SF,23,SAS,63,63,32.7,8.0,17.7,0.452,2.1,6.5,0.329,5.9,11.2,0.523,0.512,3.9,5.2,0.749,0.9,4.2,5.0,2.9,0.7,0.2,2.1,2.0,22.0,3873024.0,3.873024,7.720065767730848,2794.389608373456,0.6727828540433378,28.699999999999996,7.410230352303522
keon johnson,SG,20,POR,40,0,10.4,1.7,4.5,0.376,0.7,2.0,0.346,1.0,2.4,0.402,0.455,0.7,1.0,0.659,0.3,0.8,1.1,1.5,0.5,0.2,1.1,1.1,4.7,2681040.0,2.68104,2.7228239787545134,14260.850987974198,0.45192303346893914,6.9,2.5736281443022113
stanley johnson,SF,26,SAS,30,0,15.6,2.2,4.1,0.533,0.6,1.3,0.45,1.6,2.7,0.573,0.607,0.9,1.3,0.667,0.7,2.4,3.2,2.2,0.5,0.2,1.1,1.6,5.8,4022164.0,4.022164,2.784570693785733,23115.88492462135,0.37179484796186874,10.799999999999999,2.6851217404362426
carlik jones,PG,25,CHI,7,0,8.0,0.9,2.1,0.4,0.4,0.9,0.5,0.4,1.3,0.333,0.5,0.7,1.1,0.625,0.1,0.6,0.7,0.9,0.3,0.0,0.3,0.3,2.9,612162.0,0.612162,7.3509953247669735,30155.762061292506,0.3624999546875057,4.5,7.3509953247669735
damian jones,C,27,TOT,41,1,11.6,1.3,2.1,0.64,0.2,0.4,0.588,1.1,1.7,0.652,0.698,0.5,0.7,0.759,1.0,2.0,3.0,0.4,0.2,0.5,0.6,1.3,3.5,2298385.0,2.298385,3.0021080019230895,16016.620097445157,0.3017241119203352,7.000000000000001,3.0456168135451636
damian jones,C,27,LAL,22,1,8.0,0.9,1.7,0.541,0.0,0.1,0.0,0.9,1.5,0.588,0.541,0.7,0.9,0.75,0.8,1.7,2.5,0.2,0.1,0.5,0.4,0.8,2.5,2298385.0,2.298385,2.2624582043478356,41788.8174220215,0.31249996093750493,5.3999999999999995,2.349475827591983
damian jones,C,27,UTA,19,0,15.8,1.8,2.6,0.714,0.5,0.7,0.714,1.3,1.8,0.714,0.816,0.4,0.5,0.778,1.3,2.3,3.5,0.6,0.3,0.5,0.7,2.0,4.6,2298385.0,2.298385,3.7852666111204165,26297.310911930086,0.29113922207979603,8.8,3.828775422742491
kai jones,C,22,CHO,46,0,12.0,1.5,2.6,0.558,0.1,0.4,0.211,1.4,2.2,0.624,0.575,0.4,0.6,0.731,0.8,1.9,2.7,0.3,0.4,0.7,0.7,1.4,3.4,2909040.0,2.90904,2.2000385006737617,18599.99988107417,0.2833333097222242,6.8,2.337540906965872
tre jones,PG,23,SAS,68,65,29.2,5.0,10.9,0.459,0.7,2.3,0.285,4.4,8.6,0.506,0.489,2.2,2.5,0.86,0.8,2.8,3.6,6.6,1.3,0.1,1.6,1.4,12.9,1782621.0,1.782621,12.958447140474616,2032.1716803098816,0.44178080678832854,22.900000000000002,12.84625279293804
tyus jones,PG,26,MEM,80,22,24.3,3.9,8.9,0.438,1.5,4.1,0.371,2.4,4.8,0.495,0.523,1.0,1.3,0.8,0.4,2.2,2.5,5.2,1.0,0.1,0.9,0.4,10.3,15000000.0,15.0,1.2,18203.88347305354,0.4238682953140619,18.200000000000003,1.2133333333333336
deandre jordan,C,34,DEN,39,8,15.0,2.3,2.9,0.765,0.0,0.0,1.0,2.2,2.9,0.763,0.77,0.6,1.2,0.458,1.3,3.8,5.2,0.9,0.3,0.6,1.2,1.8,5.1,10733758.0,10.733758,1.043436977058734,53965.60053310408,0.3399999773333348,10.900000000000002,1.0154877723160893
cory joseph,PG,31,DET,62,2,19.8,2.4,5.7,0.427,1.1,2.9,0.389,1.3,2.8,0.468,0.527,0.9,1.2,0.792,0.3,1.4,1.7,3.5,0.5,0.1,0.9,1.4,6.9,5155500.0,5.1555,2.3470080496557073,12051.192117692397,0.34848483088460447,11.799999999999999,2.2888177674328385
johnny juzang,SG,21,UTA,18,0,12.9,1.9,5.8,0.337,0.8,3.5,0.238,1.1,2.3,0.488,0.409,0.1,0.2,0.5,0.4,1.7,2.2,0.4,0.2,0.2,0.2,0.7,4.8,508891.0,0.508891,14.541424391470866,5889.942061459004,0.37209299441139576,7.6000000000000005,14.93443586151062
mfiondu kabengele,PF,25,BOS,4,0,9.0,0.5,1.8,0.286,0.0,0.8,0.0,0.5,1.0,0.5,0.286,0.5,0.5,1.0,1.3,1.3,2.5,0.0,0.5,0.0,0.3,0.8,1.5,508891.0,0.508891,7.860229400795062,84815.15253080791,0.16666664814815021,4.2,8.253240870834816
frank kaminsky,C,29,TOT,36,0,6.5,0.9,1.8,0.492,0.4,0.9,0.394,0.5,0.8,0.6,0.595,0.4,0.4,0.875,0.2,1.3,1.4,0.9,0.2,0.1,0.3,0.6,2.5,2463490.0,2.46349,1.948455240329776,27372.110806976547,0.38461532544379606,4.8,1.948455240329776
frank kaminsky,C,29,ATL,26,0,6.8,1.0,1.7,0.568,0.4,0.9,0.478,0.5,0.8,0.667,0.693,0.4,0.5,0.833,0.1,1.3,1.4,0.8,0.2,0.0,0.3,0.8,2.7,2463490.0,2.46349,1.989048057836646,35092.449642557694,0.3970587651384169,4.8,1.948455240329776
frank kaminsky,C,29,HOU,10,0,5.9,0.6,1.9,0.316,0.2,1.0,0.2,0.4,0.9,0.444,0.368,0.4,0.4,1.0,0.4,1.2,1.6,1.1,0.1,0.3,0.0,0.1,1.8,2463490.0,2.46349,1.826676787809165,136860.54795219176,0.3050846940534417,4.8999999999999995,1.989048057836646
trevor keels,SG,19,NYK,3,0,2.7,0.3,1.3,0.25,0.3,1.3,0.25,0.0,0.0,,0.375,0.0,0.0,,0.0,0.7,0.7,0.0,0.0,0.0,0.0,0.0,1.0,520589.0,0.520589,3.2655319263372835,173529.60882346373,0.3703702331962099,1.7,3.2655319263372835
luke kennard,SG,26,TOT,59,14,22.3,3.2,6.5,0.492,2.3,4.6,0.494,0.9,1.9,0.487,0.666,0.6,0.7,0.949,0.3,2.4,2.7,1.5,0.5,0.1,0.8,1.4,9.3,13745455.0,13.745455,0.9821428246645891,25050.947648895664,0.4170403400430341,13.299999999999999,0.967592560595484
luke kennard,SG,26,LAC,35,11,20.7,2.8,6.0,0.464,1.7,3.8,0.447,1.1,2.3,0.494,0.604,0.5,0.6,0.95,0.2,2.2,2.4,1.1,0.5,0.1,0.9,1.3,7.8,13745455.0,13.745455,0.8220899199044338,50349.65183022105,0.37681157599944076,10.999999999999998,0.8002645238007762
luke kennard,SG,26,MEM,24,3,24.6,3.8,7.1,0.526,3.1,5.7,0.54,0.7,1.4,0.471,0.743,0.8,0.8,0.947,0.4,2.8,3.1,2.3,0.5,0.0,0.7,1.5,11.3,13745455.0,13.745455,1.2149470497702695,50683.83093405666,0.459349574823188,16.5,1.2003967857011646
walker kessler,C,21,UTA,74,40,23.0,4.0,5.6,0.72,0.0,0.0,0.333,4.0,5.6,0.723,0.721,1.1,2.1,0.516,3.1,5.3,8.4,0.9,0.4,2.3,0.8,2.3,9.2,2696400.0,2.6964,6.860999851654057,3960.6345417734515,0.39999998260869635,20.4,7.56564307966177
braxton key,SF,25,DET,3,0,3.0,0.3,0.3,1.0,0.0,0.0,,0.3,0.3,1.0,1.0,0.7,0.7,1.0,0.0,0.3,0.3,0.0,0.0,0.0,0.0,0.0,1.3,201802.0,0.201802,7.928563641589281,51744.089296387356,0.433333188888937,1.6,7.928563641589281
louis king,PF,23,PHI,1,0,29.0,8.0,13.0,0.615,4.0,8.0,0.5,4.0,5.0,0.8,0.769,0.0,1.0,0.0,2.0,2.0,4.0,2.0,1.0,0.0,2.0,4.0,20.0,307089.0,0.307089,84.6660088769054,15354.449232277537,0.689655148632581,25.0,81.40962392010134
corey kispert,SF,23,WAS,74,45,28.3,3.9,7.9,0.497,2.2,5.2,0.424,1.7,2.7,0.637,0.637,1.0,1.2,0.852,0.4,2.4,2.8,1.2,0.4,0.1,0.7,1.3,11.1,3552840.0,3.55284,4.250121029936613,4325.346963324389,0.39222613455031324,14.899999999999999,4.193828036162619
maxi kleber,PF,31,DAL,37,5,25.1,2.1,4.6,0.456,1.1,3.0,0.348,1.0,1.5,0.667,0.571,0.7,1.0,0.711,0.8,2.8,3.6,1.4,0.3,0.8,0.7,2.3,5.9,9000000.0,9.0,1.2111111111111112,41227.668157454566,0.23505975159124495,11.300000000000002,1.2555555555555558
nathan knight,C,25,MIN,38,0,7.7,1.2,2.1,0.568,0.2,0.6,0.364,1.0,1.6,0.644,0.617,1.0,1.5,0.684,0.6,0.9,1.5,0.3,0.3,0.2,0.6,1.1,3.7,1836090.0,1.83609,2.9954958634925304,13058.961500291882,0.4805194181143613,5.4,2.941032302338121
kevin knox,SF-PF,23,TOT,63,5,15.1,2.4,5.3,0.458,1.0,3.0,0.349,1.4,2.3,0.596,0.556,0.7,1.0,0.767,0.5,2.3,2.8,0.5,0.4,0.2,0.8,1.5,6.6,3000000.0,3.0,3.2999999999999994,7215.007197655106,0.43708606376913484,9.699999999999998,3.2333333333333325
kevin knox,SF,23,DET,42,1,14.1,2.0,4.3,0.469,1.0,2.8,0.371,1.0,1.5,0.651,0.589,0.6,0.8,0.788,0.5,2.1,2.6,0.4,0.3,0.3,0.8,1.8,5.6,3000000.0,3.0,2.8666666666666667,12755.101986585452,0.3971630923997807,8.4,2.8000000000000003
kevin knox,PF,23,POR,21,4,17.1,3.2,7.3,0.444,1.0,3.3,0.314,2.2,4.0,0.554,0.516,1.0,1.3,0.741,0.7,2.6,3.3,0.9,0.5,0.0,0.9,1.0,8.5,3000000.0,3.0,4.233333333333333,16806.72259492032,0.49707599432304117,12.3,4.1000000000000005
christian koloko,C,22,TOR,58,19,13.8,1.2,2.6,0.48,0.0,0.2,0.083,1.2,2.4,0.514,0.483,0.6,1.0,0.627,1.4,1.5,2.9,0.5,0.4,1.0,0.3,2.2,3.1,1500000.0,1.5,4.333333333333333,8342.602845702988,0.22463766488132864,7.6000000000000005,5.066666666666667
john konchar,SF,26,MEM,72,23,20.8,1.9,4.4,0.431,0.8,2.5,0.339,1.1,2.0,0.545,0.525,0.4,0.5,0.778,0.9,3.4,4.3,1.4,1.1,0.3,0.5,1.6,5.1,2300000.0,2.3,4.695652173913043,6263.616540676426,0.2451922959042165,11.7,5.086956521739131
furkan korkmaz,SG,25,PHI,37,0,9.5,1.3,3.0,0.432,0.5,1.2,0.391,0.8,1.8,0.462,0.514,0.7,1.0,0.722,0.2,1.0,1.1,0.6,0.3,0.1,0.6,0.5,3.8,5000000.0,5.0,1.1,35561.8774142114,0.3999999578947413,5.3,1.06
luke kornet,C,27,BOS,69,0,11.7,1.6,2.5,0.665,0.0,0.2,0.231,1.6,2.3,0.701,0.674,0.5,0.6,0.821,1.2,1.6,2.9,0.8,0.2,0.7,0.4,1.2,3.8,2133278.0,2.133278,3.5157161888886495,8136.071669961589,0.3247862970268122,7.999999999999998,3.750097268147892
vit krejci,PG,22,ATL,29,0,5.7,0.5,1.3,0.405,0.2,0.7,0.238,0.3,0.6,0.625,0.473,0.0,0.1,0.5,0.2,0.7,0.9,0.6,0.2,0.0,0.2,0.6,1.2,1563518.0,1.563518,1.7268749064609428,44928.676869865616,0.21052627885503877,2.7,1.7268749064609428
jonathan kuminga,PF,20,GSW,67,16,20.8,3.9,7.4,0.525,0.8,2.2,0.37,3.1,5.2,0.59,0.579,1.3,2.1,0.652,1.0,2.4,3.4,1.9,0.6,0.5,1.4,2.3,9.9,5739840.0,5.73984,2.648157439928639,8653.459959816884,0.47596151557877325,14.9,2.59589117466689
kyle kuzma,PF,27,WAS,64,64,35.0,8.0,17.8,0.448,2.5,7.5,0.333,5.5,10.3,0.533,0.518,2.7,3.7,0.73,0.9,6.4,7.2,3.7,0.6,0.5,3.0,2.3,21.2,13000000.0,13.0,2.4692307692307693,9581.367917466561,0.6057142684081638,30.200000000000003,2.3230769230769233
anthony lamb,SF,25,GSW,62,4,19.3,2.4,5.1,0.471,1.2,3.2,0.367,1.2,1.9,0.652,0.588,0.7,1.0,0.767,0.9,2.6,3.5,1.5,0.5,0.3,0.9,2.2,6.7,694878.0,0.694878,16.83748801947968,1672.792485140124,0.34715024108029835,11.6,16.69357786546703
jock landale,C,27,PHO,69,4,14.2,2.6,4.9,0.528,0.3,1.2,0.25,2.3,3.7,0.621,0.559,1.1,1.5,0.752,1.7,2.3,4.1,1.0,0.2,0.4,0.9,1.8,6.6,1563518.0,1.563518,7.483124594664084,3433.285016615536,0.46478869966276765,11.399999999999999,7.291249605057312
romeo langford,SG,23,SAS,43,21,19.6,2.8,6.0,0.467,0.4,1.4,0.262,2.4,4.6,0.53,0.498,0.9,1.3,0.696,1.3,1.3,2.7,1.2,0.6,0.3,0.7,1.6,6.9,5634257.0,5.634257,1.9168454687104264,18989.74378500255,0.35204079836526536,11.000000000000002,1.952342607019879
jake laravia,PF,21,MEM,35,0,11.8,1.1,2.7,0.389,0.7,2.0,0.338,0.4,0.7,0.542,0.516,0.2,0.3,0.778,0.5,1.3,1.8,0.6,0.3,0.1,0.5,1.4,3.0,3047640.0,3.04764,1.771862818443123,29025.142580712927,0.2542372665900621,5.299999999999999,1.7390505440275095
zach lavine,SG,27,CHI,77,77,35.9,8.7,18.0,0.485,2.6,7.1,0.375,6.1,11.0,0.556,0.558,4.7,5.6,0.848,0.5,3.9,4.5,4.2,0.9,0.2,2.5,2.1,24.8,37096500.0,37.0965,0.9030501529793916,19426.31963792086,0.6908077802003405,32.1,0.8653107436011485
damion lee,SG,30,PHO,74,5,20.4,2.7,6.1,0.442,1.5,3.3,0.445,1.2,2.8,0.439,0.564,1.3,1.4,0.904,0.5,2.5,3.0,1.3,0.4,0.1,1.1,1.6,8.2,2133278.0,2.133278,5.859526981481083,3515.619638240574,0.40196076460976643,11.9,5.578269686369991
saben lee,PG,23,TOT,25,1,14.9,2.0,4.8,0.405,0.4,1.2,0.367,1.5,3.6,0.418,0.45,1.7,2.3,0.737,0.5,1.3,1.8,2.7,0.8,0.0,1.0,1.3,6.0,2266640.0,2.26664,4.63240744008753,15110.93323259378,0.4026845367325814,10.3,4.544171107895387
saben lee,PG,23,PHI,2,0,5.0,1.5,2.0,0.75,0.0,0.5,0.0,1.5,1.5,1.0,0.75,0.0,0.0,,0.0,0.0,0.0,1.0,0.5,0.0,1.5,0.5,3.0,2266640.0,2.26664,1.7647266438428686,377773.2703711216,0.599999880000024,3.0,1.3235449828821515
saben lee,PG,23,PHO,23,1,15.8,2.0,5.1,0.393,0.5,1.3,0.379,1.5,3.8,0.398,0.44,1.8,2.5,0.737,0.6,1.4,2.0,2.8,0.8,0.0,0.9,1.3,6.3,2266640.0,2.26664,4.897116436663961,15642.788021788901,0.39873415197885115,11.000000000000002,4.852998270567889
alex len,C,29,SAC,26,2,6.2,0.6,1.2,0.533,0.0,0.1,0.0,0.6,1.1,0.571,0.533,0.4,0.6,0.688,0.9,1.4,2.3,0.5,0.2,0.4,0.6,1.1,1.7,3918600.0,3.9186,1.148369315571888,88656.10659149081,0.274193504162338,4.500000000000001,1.1483693155718881
kawhi leonard,SF,31,LAC,52,50,33.6,8.6,16.8,0.512,2.0,4.8,0.416,6.6,11.9,0.551,0.572,4.7,5.4,0.871,1.1,5.4,6.5,3.9,1.4,0.5,1.7,1.6,23.8,42492492.0,42.492492,0.8048480658653769,34334.592732438105,0.7083333122519848,34.4,0.8095547797008469
meyers leonard,C,30,MIL,9,2,12.7,1.6,3.2,0.483,0.8,2.0,0.389,0.8,1.2,0.636,0.603,0.9,1.0,0.889,1.3,2.4,3.8,0.1,0.2,0.0,0.7,1.8,4.8,713558.0,0.713558,12.19242163916598,16517.545913945698,0.37795272614545466,8.2,11.491707751857591
caris levert,SG,28,CLE,74,30,30.2,4.3,10.0,0.431,1.7,4.4,0.392,2.6,5.6,0.462,0.517,1.8,2.4,0.722,0.7,3.1,3.8,3.9,1.0,0.3,1.6,2.3,12.1,18796296.0,18.796296,1.05339903138363,20992.066092258134,0.4006622383886676,19.499999999999996,1.0374384399990293
damian lillard,PG,32,POR,58,58,36.3,9.6,20.7,0.463,4.2,11.3,0.371,5.4,9.4,0.574,0.564,8.8,9.6,0.914,0.8,4.0,4.8,7.3,0.9,0.3,3.3,1.9,32.2,42492492.0,42.492492,1.0425371145566138,22752.458758431963,0.8870523171610935,42.199999999999996,0.9931166192841784
nassir little,SF,22,POR,54,4,18.1,2.5,5.6,0.442,1.1,2.9,0.367,1.4,2.7,0.524,0.538,0.6,0.9,0.717,0.5,2.1,2.6,0.9,0.4,0.4,0.7,1.2,6.6,4171548.0,4.171548,2.421163558467984,11704.680101838721,0.3646408638319964,10.200000000000001,2.4451354748884593
isaiah livers,PF,24,DET,52,22,23.1,2.3,5.5,0.417,1.4,3.9,0.365,0.9,1.6,0.541,0.545,0.6,0.8,0.821,0.5,2.2,2.8,0.8,0.5,0.5,0.6,2.0,6.7,1563518.0,1.563518,6.587707976499152,4487.709516395782,0.29004327748730396,10.700000000000001,6.843541295974847
kevon looney,C,26,GSW,82,70,23.9,3.0,4.7,0.63,0.0,0.0,0.0,3.0,4.7,0.632,0.63,1.1,1.9,0.606,3.3,5.9,9.3,2.5,0.6,0.6,0.5,2.7,7.0,8000000.0,8.0,2.35,13937.282205684178,0.29288701703401604,19.500000000000004,2.4375000000000004
brook lopez,C,34,MIL,78,78,30.4,6.1,11.5,0.531,1.7,4.7,0.374,4.4,6.9,0.637,0.606,1.9,2.4,0.784,2.0,4.7,6.7,1.3,0.5,2.5,1.4,2.6,15.9,13906976.0,13.906976,1.7185619648728812,11213.494588603857,0.5230262985846612,25.500000000000004,1.8336121382534927
robin lopez,C,34,CLE,37,2,8.1,1.3,2.0,0.64,0.1,0.1,0.5,1.2,1.9,0.648,0.653,0.4,0.5,0.778,0.6,0.8,1.4,0.5,0.1,0.2,0.7,1.2,3.0,2905851.0,2.905851,1.6862530115962588,26178.837601992454,0.37037032464563896,4.5,1.5485997045271762
kevin love,PF,34,TOT,62,20,20.0,2.7,6.8,0.389,1.6,4.8,0.334,1.1,2.1,0.516,0.506,1.3,1.5,0.879,1.0,5.5,6.4,1.9,0.3,0.2,1.1,1.6,8.2,30556968.0,30.556968,0.5399750394083601,60104.185562344246,0.40999997950000094,15.9,0.5203395834298743
kevin love,PF,34,CLE,41,3,20.0,2.7,7.0,0.389,1.7,4.8,0.354,1.0,2.2,0.467,0.511,1.4,1.5,0.889,1.0,5.8,6.8,1.9,0.2,0.2,1.1,1.6,8.5,30556968.0,30.556968,0.5628830713832602,87681.40003534748,0.42499997875000106,16.499999999999996,0.53997503940836
kevin love,PF,34,MIA,21,17,20.0,2.6,6.6,0.388,1.4,4.8,0.297,1.1,1.8,0.632,0.496,1.1,1.3,0.857,0.8,4.9,5.7,1.9,0.4,0.2,1.1,1.5,7.7,30556968.0,30.556968,0.5007041274513885,188973.20847882985,0.38499998075000097,14.8,0.484341247469317
kyle lowry,PG,36,MIA,55,44,31.2,3.6,8.8,0.404,1.9,5.6,0.345,1.6,3.2,0.509,0.514,2.1,2.5,0.859,0.8,3.3,4.1,5.1,1.0,0.4,1.9,2.6,11.2,28333334.0,28.333334,0.7199999830588238,45995.67200325378,0.3589743474687709,19.9,0.7023529246505194
trey lyles,PF,27,SAC,74,0,16.9,2.5,5.5,0.458,1.2,3.2,0.363,1.4,2.3,0.595,0.565,1.4,1.7,0.815,0.9,3.1,4.1,0.9,0.4,0.4,0.9,1.3,7.6,2625000.0,2.625,4.8,4667.496435512987,0.44970411540212335,12.5,4.761904761904762
sandro mamukelashvili,C,23,TOT,43,7,15.3,2.3,5.3,0.422,0.7,2.3,0.303,1.6,3.0,0.511,0.487,0.9,1.3,0.684,1.6,2.7,4.3,1.4,0.3,0.3,0.8,1.2,6.1,1116112.0,1.116112,10.572415671545507,4255.097200704929,0.3986927843991644,11.6,10.39322218558711
sandro mamukelashvili,C,23,MIL,24,0,9.0,0.8,2.4,0.328,0.3,1.3,0.219,0.5,1.1,0.462,0.388,0.5,0.8,0.667,0.8,1.6,2.3,0.7,0.2,0.2,0.4,0.8,2.4,1116112.0,1.116112,4.838224120876758,19376.944108039166,0.26666663703704035,5.3999999999999995,4.838224120876758
sandro mamukelashvili,C,23,SAS,19,7,23.3,4.1,9.1,0.453,1.2,3.5,0.343,2.9,5.5,0.524,0.52,1.4,2.1,0.692,2.7,4.1,6.8,2.4,0.5,0.4,1.4,1.7,10.8,1116112.0,1.116112,17.919348595839843,5439.14227368839,0.46351929341118914,19.5,17.47136488094385
terance mann,SG,26,LAC,81,36,23.1,3.4,6.5,0.519,1.0,2.4,0.389,2.4,4.0,0.598,0.593,1.1,1.5,0.78,1.0,2.5,3.4,2.3,0.5,0.3,1.0,1.8,8.8,1930681.0,1.930681,7.510303359280999,2708.587257704002,0.3809523644609366,14.3,7.406712968118503
tre mann,PG,21,OKC,67,5,17.7,2.9,7.5,0.393,1.2,3.8,0.315,1.7,3.6,0.475,0.474,0.6,0.8,0.764,0.4,1.9,2.3,1.8,0.6,0.2,0.9,1.5,7.7,3046200.0,3.0462,3.8736786816361373,5904.6326693067795,0.43502822400970487,11.7,3.8408508961985426
lauri markkanen,PF,25,UTA,66,66,34.4,8.7,17.3,0.499,3.0,7.7,0.391,5.6,9.6,0.585,0.586,5.3,6.0,0.875,2.0,6.7,8.6,1.9,0.6,0.6,1.9,2.1,25.6,16475454.0,16.475454,2.1911384050478975,9751.097295365116,0.7441860248783133,35.400000000000006,2.1486509567505703
naji marshall,SF,25,NOP,77,21,23.3,3.2,7.4,0.433,0.9,2.8,0.303,2.4,4.6,0.513,0.49,1.8,2.3,0.789,0.6,3.0,3.6,2.5,0.7,0.2,1.3,1.5,9.1,1782621.0,1.782621,8.526770412779832,2544.057367569492,0.3905579231520204,14.799999999999997,8.302381717706679
caleb martin,SF,27,MIA,71,49,29.3,3.6,7.7,0.464,1.2,3.3,0.356,2.4,4.4,0.545,0.54,1.3,1.6,0.805,1.2,3.6,4.8,1.6,1.0,0.4,1.1,2.0,9.6,6479000.0,6.479,2.469516900756289,9505.575103424919,0.32764504001211464,16.299999999999997,2.5158203426454695
cody martin,SF,27,CHO,7,0,19.1,2.0,5.1,0.389,0.4,2.0,0.214,1.6,3.1,0.5,0.431,0.6,1.0,0.571,1.1,2.3,3.4,1.6,0.6,0.1,0.3,1.9,5.0,7000000.0,7.0,1.4285714285714286,199999.99428571446,0.2617800910062779,10.399999999999999,1.4857142857142855
tyrese martin,SG,23,ATL,16,0,4.1,0.6,1.4,0.391,0.1,0.4,0.143,0.5,1.0,0.5,0.413,0.1,0.1,1.0,0.3,0.4,0.8,0.1,0.1,0.0,0.1,0.1,1.3,1017781.0,1.017781,2.161565209018443,48931.77649366459,0.3170730933968065,2.2,2.161565209018443
garrison mathews,SG,26,TOT,54,0,12.7,1.4,3.7,0.363,1.2,3.3,0.35,0.2,0.4,0.476,0.52,0.9,1.0,0.906,0.2,1.1,1.4,0.5,0.4,0.1,0.4,1.1,4.8,2000000.0,2.0,3.3499999999999996,7716.049352947341,0.37795272614545466,6.799999999999999,3.3999999999999995
garrison mathews,SG,26,HOU,45,0,13.4,1.3,3.8,0.353,1.2,3.4,0.342,0.2,0.3,0.467,0.509,0.9,1.0,0.911,0.2,1.2,1.4,0.5,0.5,0.1,0.4,1.2,4.8,2000000.0,2.0,3.3499999999999996,9259.259216392318,0.358208928491871,6.899999999999999,3.4499999999999993
garrison mathews,SG,26,ATL,9,0,9.3,1.4,3.4,0.419,1.1,2.8,0.4,0.3,0.7,0.5,0.581,0.8,0.9,0.875,0.1,1.1,1.2,0.3,0.1,0.1,0.1,0.7,4.8,2000000.0,2.0,3.15,46296.2952246228,0.5161289767603251,6.3999999999999995,3.1999999999999997
bennedict mathurin,SG,20,IND,78,17,28.5,5.3,12.2,0.434,1.3,4.0,0.323,4.0,8.2,0.488,0.487,4.8,5.8,0.828,1.1,3.0,4.1,1.5,0.6,0.2,1.9,2.1,16.7,6586800.0,6.5868,3.385558996781441,5056.655915049397,0.5859648917205301,21.2,3.2185583287787694
wesley matthews,SF,36,MIL,52,0,15.8,1.1,3.1,0.363,0.8,2.4,0.315,0.4,0.7,0.528,0.484,0.5,0.5,0.857,0.7,1.5,2.2,0.7,0.4,0.3,0.3,1.4,3.4,2905851.0,2.905851,2.168039586338047,16435.808730566696,0.21518985979811014,6.7,2.3056928934071292
tyrese maxey,SG,22,PHI,60,41,33.6,7.3,15.2,0.481,2.7,6.2,0.434,4.7,9.1,0.513,0.568,3.0,3.6,0.845,0.4,2.6,2.9,3.5,0.8,0.1,1.3,2.2,20.3,2726880.0,2.72688,9.791409963034678,2238.817732152038,0.6041666486855164,26.3,9.644722173326294
skylar mays,PG,25,POR,6,6,31.5,5.7,11.3,0.5,2.0,4.3,0.462,3.7,7.0,0.524,0.588,2.0,2.2,0.923,0.3,2.8,3.2,8.3,1.0,0.2,1.7,1.8,15.3,116574.0,0.116574,229.89688952939764,1269.869267212753,0.4857142702947851,26.3,225.607768456088
miles mcbride,PG,22,NYK,64,2,11.9,1.2,3.4,0.358,0.6,2.1,0.299,0.6,1.3,0.457,0.451,0.4,0.7,0.667,0.2,0.6,0.8,1.1,0.6,0.1,0.4,0.9,3.5,1563518.0,1.563518,3.4537498129218855,6979.991040267897,0.29411762234305694,5.699999999999999,3.645624802528656
mac mcclung,SG,24,PHI,2,0,20.5,4.5,10.0,0.45,2.0,5.5,0.364,2.5,4.5,0.556,0.55,1.5,2.5,0.6,1.5,3.5,5.0,4.5,0.0,0.0,1.5,1.5,12.5,160856.0,0.160856,136.76828965037052,6434.23974263041,0.6097560678167772,20.5,127.44317899239071
cj mccollum,SG,31,NOP,75,75,35.3,7.8,17.9,0.437,2.8,7.2,0.389,5.0,10.7,0.469,0.515,2.4,3.2,0.769,0.7,3.6,4.4,5.7,0.9,0.5,2.4,2.0,20.9,33333333.0,33.333333,0.9300000092999999,21265.284196959943,0.5920679718960915,29.999999999999993,0.9000000089999998
jaden mcdaniels,SF,22,MIN,79,79,30.6,4.7,9.1,0.517,1.4,3.4,0.398,3.3,5.7,0.588,0.591,1.3,1.8,0.736,1.2,2.7,3.9,1.9,0.9,1.0,1.4,3.4,12.1,2161440.0,2.16144,8.281516026352802,2261.157022427914,0.3954248236789273,18.4,8.512843289658747
jalen mcdaniels,SF,25,TOT,80,24,23.9,3.5,7.7,0.455,1.0,2.9,0.332,2.6,4.8,0.53,0.518,1.5,1.7,0.841,0.8,3.5,4.3,1.6,1.0,0.4,1.2,2.6,9.4,1930681.0,1.930681,7.924664923930985,2567.3949433944217,0.39330542287425013,15.499999999999996,8.02825531509348
jalen mcdaniels,SF,25,CHO,56,21,26.7,3.9,8.8,0.447,1.2,3.6,0.322,2.8,5.2,0.534,0.513,1.6,1.9,0.846,0.8,4.0,4.8,2.0,1.2,0.5,1.4,2.8,10.6,1930681.0,1.930681,9.0123640311372,3252.4949406123737,0.3970037304492985,17.7,9.167749617880943
jalen mcdaniels,SF,25,PHI,24,3,17.5,2.5,5.1,0.488,0.5,1.3,0.4,2.0,3.9,0.516,0.537,1.2,1.4,0.824,0.8,2.4,3.2,0.8,0.7,0.2,0.5,2.1,6.7,1930681.0,1.930681,5.542085927193566,12006.722562147246,0.38285712097959307,11.1,5.749266709518558
doug mcdermott,SF,31,SAS,64,0,20.5,3.7,8.2,0.457,1.9,4.7,0.413,1.8,3.5,0.516,0.575,0.8,1.1,0.757,0.4,1.8,2.2,1.4,0.2,0.1,0.9,1.8,10.2,13750000.0,13.75,1.0036363636363637,21063.112712832244,0.4975609513384901,13.199999999999998,0.9599999999999999
javale mcgee,C,35,DAL,42,7,8.5,1.9,3.0,0.64,0.0,0.1,0.4,1.9,2.9,0.65,0.648,0.6,1.0,0.585,0.7,1.8,2.5,0.3,0.1,0.6,0.9,1.3,4.4,5461219.0,5.461219,1.3183869755085815,29552.05070588717,0.5176469979238827,6.999999999999999,1.2817651150777876
bryce mcgowens,SG,20,CHO,46,7,17.1,1.7,4.4,0.396,0.6,1.7,0.325,1.2,2.7,0.443,0.46,1.3,1.7,0.75,0.4,1.6,2.0,1.2,0.3,0.1,0.9,1.0,5.3,1461055.0,1.461055,5.8177139122072745,5992.8424692664385,0.30994150234260215,8.0,5.4754954467833175
rodney mcgruder,SG,31,DET,32,12,16.4,1.9,4.8,0.408,1.3,3.0,0.423,0.7,1.7,0.382,0.543,0.6,0.7,0.818,0.6,1.7,2.3,0.9,0.5,0.0,0.3,1.2,5.7,2298385.0,2.298385,3.8722842343645647,12600.794887057045,0.347560954417015,9.1,3.959301857608712
jordan mclaughlin,PG,26,MIN,43,0,15.8,1.4,3.4,0.421,0.6,1.8,0.308,0.9,1.6,0.552,0.503,0.3,0.4,0.833,0.3,1.1,1.4,3.4,0.7,0.1,0.8,0.7,3.7,2160000.0,2.16,3.935185185185185,13576.36697940687,0.23417720036853162,8.499999999999998,3.9351851851851842
de'anthony melton,SG,24,PHI,77,58,27.9,3.6,8.5,0.425,2.0,5.2,0.39,1.6,3.2,0.484,0.546,0.9,1.1,0.793,0.9,3.2,4.1,2.6,1.6,0.5,1.3,2.5,10.1,8250000.0,8.25,2.0363636363636366,10608.203663870127,0.3620071554836145,17.6,2.1333333333333333
sam merrill,SG,26,CLE,5,0,11.8,1.8,4.4,0.409,1.0,3.6,0.278,0.8,0.8,1.0,0.523,0.4,0.4,1.0,0.0,1.8,1.8,1.0,0.8,0.0,0.0,0.6,5.0,1105522.0,1.105522,7.055490528456241,44220.87823116487,0.4237287776501036,8.6,7.779130582656881
chimezie metu,PF,25,SAC,66,0,10.4,2.0,3.3,0.589,0.1,0.6,0.237,1.8,2.7,0.663,0.61,0.8,1.1,0.74,0.7,2.3,3.0,0.6,0.3,0.3,0.5,1.2,4.9,1910860.0,1.91086,4.448258899134421,5908.657990387575,0.4711538008505961,8.600000000000001,4.500591356771298
khris middleton,SF,31,MIL,33,19,24.3,5.4,12.3,0.436,1.5,4.9,0.315,3.8,7.4,0.516,0.499,2.8,3.1,0.902,0.8,3.4,4.2,4.9,0.7,0.2,2.2,2.1,15.1,37984276.0,37.984276,0.6371057329090596,76227.7261163401,0.6213991513827509,22.900000000000002,0.6028810447775812
shake milton,SG,26,PHI,76,11,20.6,3.2,6.6,0.479,0.7,1.9,0.378,2.4,4.7,0.521,0.535,1.3,1.5,0.853,0.5,2.0,2.5,3.2,0.3,0.2,1.2,1.6,8.4,1997718.0,1.997718,7.0580532387454085,3129.2575138952734,0.407766970496749,13.400000000000002,6.707653432566559
justin minaya,SF,23,POR,4,0,22.3,1.8,5.8,0.304,0.8,3.0,0.25,1.0,2.8,0.364,0.37,0.0,0.3,0.0,0.8,3.0,3.8,1.0,0.5,1.3,1.0,2.3,4.3,35096.0,0.035096,259.2888078413494,2040.4649976473838,0.19282510346075768,9.9,282.08342831091863
josh minott,SF,20,MIN,15,0,6.4,1.2,2.4,0.5,0.1,0.4,0.333,1.1,2.0,0.533,0.528,0.5,0.5,1.0,0.3,1.3,1.7,0.3,0.3,0.4,0.2,0.7,3.1,1017781.0,1.017781,5.010901166360935,21887.762970155636,0.48437492431641804,5.6,5.5021659865923995
davion mitchell,PG,24,SAC,80,9,18.1,2.3,5.0,0.454,0.8,2.5,0.32,1.5,2.5,0.584,0.533,0.3,0.4,0.806,0.2,1.1,1.3,2.3,0.6,0.2,0.8,1.4,5.6,4833600.0,4.8336,1.9033432638199272,10789.285690202487,0.30939224809987576,9.199999999999998,1.9033432638199268
donovan mitchell,SG,26,CLE,68,68,35.8,10.0,20.6,0.484,3.6,9.3,0.386,6.4,11.3,0.566,0.572,4.7,5.4,0.867,0.9,3.3,4.3,4.4,1.5,0.4,2.6,2.5,28.3,30913750.0,30.91375,1.1968784117099995,16064.097892296768,0.7905027712150066,36.3,1.1742347660830537
evan mobley,PF,21,CLE,79,79,34.4,6.6,12.0,0.554,0.3,1.3,0.216,6.4,10.7,0.595,0.566,2.6,3.8,0.674,2.4,6.6,9.0,2.8,0.8,1.5,1.8,2.8,16.2,8478720.0,8.47872,3.3023852657004835,6625.035156567405,0.4709302188683076,28.5,3.361356431159421
isaiah mobley,PF,23,CLE,12,0,7.0,1.0,2.3,0.429,0.3,0.7,0.375,0.8,1.7,0.45,0.482,0.3,0.3,1.0,0.3,1.3,1.7,0.3,0.3,0.3,0.1,0.7,2.6,508891.0,0.508891,9.03926381091432,16310.60845158306,0.3714285183673545,5.1,10.021792486013704
chima moneke,SF,27,SAC,2,0,4.0,0.5,1.0,0.5,0.0,0.0,,0.5,1.0,0.5,0.5,0.0,1.0,0.0,1.0,0.0,1.0,0.5,0.0,0.0,1.0,1.0,1.0,500000.0,0.5,5.0,249999.8750000625,0.24999993750001562,1.5,3.0
malik monk,SG,24,SAC,77,0,22.3,4.6,10.3,0.448,1.9,5.2,0.359,2.8,5.2,0.538,0.538,2.4,2.7,0.889,0.4,2.2,2.6,3.9,0.6,0.3,1.9,1.6,13.5,9472219.0,9.472219,2.1114376684069485,9112.283781517763,0.6053811387721462,19.000000000000004,2.0058657849866015
moses moody,SG,20,GSW,63,3,13.0,1.7,3.6,0.476,0.8,2.1,0.363,0.9,1.5,0.641,0.584,0.6,0.8,0.698,0.4,1.2,1.7,0.8,0.3,0.1,0.5,0.9,4.8,3740160.0,3.74016,1.9517881587953456,12368.253927353659,0.36923074082840457,7.199999999999999,1.9250513347022586
xavier moon,SG,28,LAC,4,0,5.0,0.8,2.3,0.333,0.3,0.8,0.333,0.5,1.5,0.333,0.389,0.0,0.0,,0.0,0.8,0.8,1.3,0.0,0.0,0.3,0.5,1.8,116986.0,0.116986,33.33732241464791,16248.053298881485,0.3599999280000144,3.6000000000000005,30.772912998136533
ja morant,PG,23,MEM,61,59,31.9,9.3,19.9,0.466,1.5,4.9,0.307,7.8,15.0,0.519,0.504,6.1,8.1,0.748,1.0,4.9,5.9,8.1,1.1,0.3,3.4,1.6,26.2,12119440.0,12.11944,3.3169849431986957,7583.181073968726,0.8213165886734611,38.2,3.1519608166713975
marcus morris,PF,33,LAC,65,65,28.1,4.2,9.9,0.426,1.7,4.7,0.364,2.5,5.2,0.484,0.513,1.0,1.3,0.782,0.4,3.5,4.0,1.8,0.6,0.3,0.9,2.1,11.2,16372093.0,16.372093,1.0383522742022049,22489.13870537206,0.39857649827129893,17.000000000000004,1.038352274202205
markieff morris,PF,33,TOT,35,2,10.1,1.3,3.3,0.409,0.8,2.0,0.394,0.5,1.3,0.432,0.53,0.3,0.3,1.0,0.4,1.7,2.0,0.9,0.3,0.1,0.5,1.4,3.8,2905851.0,2.905851,2.3056928934071292,21848.503595124035,0.3762375865111301,6.6,2.2712795666398584
markieff morris,PF,33,BRK,27,1,10.6,1.2,3.0,0.402,0.7,1.8,0.408,0.5,1.2,0.394,0.524,0.4,0.4,1.0,0.5,1.7,2.2,0.9,0.3,0.2,0.5,1.2,3.6,2905851.0,2.905851,2.3056928934071297,29895.586112185327,0.3396226094695652,6.700000000000001,2.3056928934071297
markieff morris,PF,33,DAL,8,1,8.8,1.8,4.1,0.424,1.0,2.8,0.364,0.8,1.4,0.545,0.545,0.0,0.0,,0.0,1.5,1.5,0.8,0.1,0.0,0.5,1.9,4.5,2905851.0,2.905851,2.3401062201743996,80718.08109116442,0.5113635782541388,6.3999999999999995,2.202452913105317
monte morris,PG,27,WAS,62,61,27.3,4.0,8.3,0.48,1.3,3.3,0.382,2.7,5.0,0.543,0.555,1.0,1.2,0.831,0.4,3.0,3.4,5.3,0.7,0.2,1.0,1.2,10.3,9125000.0,9.125,2.0821917808219177,14289.069817899985,0.37728936346925407,18.9,2.0712328767123287
dejounte murray,SG,26,ATL,74,74,36.4,8.3,17.8,0.464,1.8,5.2,0.344,6.5,12.6,0.514,0.514,2.1,2.6,0.832,0.7,4.5,5.3,6.1,1.5,0.3,2.2,1.4,20.5,17071120.0,17.07112,1.8686530233517191,11253.210276036116,0.5631867977146485,31.499999999999996,1.84522163747897
jamal murray,PG,25,DEN,65,65,32.8,7.3,16.0,0.454,2.6,6.6,0.398,4.6,9.4,0.494,0.537,2.8,3.3,0.833,0.7,3.2,4.0,6.2,1.0,0.2,2.2,1.6,20.0,31650600.0,31.6506,0.9541683254029939,24346.615365887217,0.6097560789708514,29.2,0.9225733477406431
keegan murray,SF,22,SAC,80,78,29.8,4.4,9.8,0.453,2.6,6.3,0.411,1.9,3.5,0.527,0.584,0.8,1.0,0.765,1.1,3.5,4.6,1.2,0.8,0.5,0.8,2.0,12.2,8008440.0,8.00844,2.2476287516669906,8205.368844051876,0.4093959594162429,18.499999999999996,2.3100628836577406
mike muscala,C,31,TOT,63,9,15.0,2.1,4.6,0.449,1.3,3.3,0.391,0.8,1.3,0.588,0.587,0.6,0.8,0.769,0.6,2.6,3.2,0.8,0.2,0.4,0.4,1.6,6.1,3500000.0,3.5,2.885714285714286,9107.468100162718,0.4066666395555574,10.3,2.942857142857143
mike muscala,C,31,OKC,43,5,14.5,2.1,4.7,0.438,1.3,3.3,0.394,0.8,1.4,0.541,0.576,0.7,0.9,0.795,0.5,2.6,3.1,0.9,0.3,0.4,0.3,1.6,6.2,3500000.0,3.5,2.9142857142857146,13128.28202127426,0.4275861774078499,10.600000000000001,3.028571428571429
mike muscala,C,31,BOS,20,4,16.2,2.1,4.5,0.472,1.3,3.3,0.385,0.9,1.2,0.708,0.612,0.5,0.7,0.692,0.7,2.7,3.4,0.6,0.2,0.3,0.5,1.4,5.9,3500000.0,3.5,2.8285714285714287,29661.016697787996,0.36419750838286985,9.9,2.8285714285714287
andrew nembhard,SG,23,IND,75,63,27.6,3.8,8.6,0.441,1.2,3.5,0.35,2.6,5.1,0.504,0.512,0.7,0.8,0.79,0.5,2.2,2.7,4.5,0.9,0.2,1.7,2.4,9.5,2244111.0,2.244111,7.441699630722365,3149.629469263678,0.34420288607960553,16.099999999999998,7.174333176923956
aaron nesmith,SF,23,IND,73,60,24.9,3.5,8.1,0.427,1.6,4.3,0.366,1.9,3.8,0.496,0.525,1.6,1.9,0.838,0.8,2.9,3.8,1.3,0.8,0.5,1.0,3.2,10.1,3804360.0,3.80436,3.995415786098056,5159.853512600226,0.40562247366978016,15.5,4.074272676613149
raul neto,PG,30,CLE,48,1,10.5,1.2,2.3,0.518,0.3,0.9,0.286,0.9,1.4,0.662,0.573,0.6,0.7,0.912,0.2,0.8,1.0,1.6,0.4,0.1,0.5,1.0,3.3,2463490.0,2.46349,2.39497623290535,15552.335760401924,0.3142856843537444,5.9,2.39497623290535
georges niang,PF,29,PHI,78,1,19.4,2.8,6.4,0.442,2.0,4.9,0.401,0.9,1.5,0.576,0.596,0.5,0.6,0.867,0.2,2.1,2.4,1.0,0.4,0.2,0.7,1.9,8.2,3465000.0,3.465,3.347763347763348,5417.4483967832275,0.422680390583485,11.5,3.318903318903319
daishen nix,PG,20,HOU,57,7,16.0,1.4,4.2,0.342,0.7,2.5,0.286,0.7,1.7,0.423,0.426,0.4,0.6,0.667,0.3,1.4,1.7,2.3,0.5,0.1,1.5,1.0,4.0,1563518.0,1.563518,5.116666389513904,6857.53505764239,0.24999998437500096,7.1,4.541041420693589
zeke nnaji,PF,22,DEN,53,5,13.7,2.1,3.7,0.561,0.3,1.2,0.262,1.8,2.5,0.71,0.605,0.8,1.2,0.645,1.2,1.4,2.6,0.3,0.3,0.4,0.6,2.0,5.2,2617800.0,2.6178,3.0942012376804957,9498.54858672515,0.37956201609036383,8.200000000000003,3.1324012529605025
nerlens noel,C,28,TOT,17,4,11.5,0.8,2.1,0.361,0.1,0.1,0.5,0.7,2.0,0.353,0.375,0.5,0.7,0.667,0.6,2.1,2.7,0.6,0.9,0.6,0.8,1.9,2.1,9391069.0,9.391069,0.575014409967598,263055.14669313317,0.1826086797731583,6.1000000000000005,0.6495533149633977
nerlens noel,C,28,DET,14,3,10.9,0.9,2.1,0.4,0.1,0.1,0.5,0.8,2.0,0.393,0.417,0.5,0.7,0.7,0.5,2.1,2.6,0.5,0.9,0.6,0.6,1.8,2.3,9391069.0,9.391069,0.575014409967598,291648.09653266787,0.21100915495328854,6.300000000000001,0.6708501449621976
nerlens noel,C,28,BRK,3,1,14.3,0.3,2.0,0.167,0.0,0.0,,0.3,2.0,0.167,0.167,0.3,0.7,0.5,1.0,2.0,3.0,1.0,1.0,0.3,1.7,2.3,1.0,9391069.0,9.391069,0.5324207499699981,3130355.28988157,0.06993006503985559,4.6,0.4898270899723982
jaylen nowell,SG,23,MIN,65,2,19.3,4.3,9.6,0.448,1.0,3.6,0.289,3.3,6.0,0.542,0.502,1.2,1.5,0.778,0.6,2.1,2.6,2.0,0.6,0.1,1.0,1.6,10.8,1930681.0,1.930681,7.976460119512234,2750.2578308400884,0.5595854632339138,15.100000000000001,7.82107453276849
frank ntilikina,SG,24,DAL,47,5,12.9,1.0,2.8,0.364,0.4,1.4,0.254,0.7,1.4,0.477,0.428,0.5,0.7,0.667,0.1,1.2,1.3,1.2,0.3,0.1,0.6,1.4,2.9,2036318.0,2.036318,2.651845144029567,14939.970543360452,0.2248061841235516,5.2,2.553628657213657
kendrick nunn,SG,27,TOT,70,2,13.8,2.7,6.4,0.424,1.1,3.2,0.354,1.6,3.2,0.493,0.512,0.5,0.6,0.854,0.2,1.3,1.6,1.3,0.4,0.1,0.9,0.9,7.1,5250000.0,5.25,1.9047619047619047,10563.380260435855,0.5144927163411075,9.6,1.8285714285714285
kendrick nunn,SG,27,LAL,39,2,13.5,2.6,6.4,0.406,1.1,3.2,0.325,1.6,3.2,0.488,0.488,0.4,0.5,0.81,0.1,1.3,1.4,0.9,0.3,0.1,0.8,0.9,6.7,5250000.0,5.25,1.7142857142857142,20091.848373165525,0.49629625953361045,8.6,1.638095238095238
kendrick nunn,SG,27,WAS,31,0,14.1,2.9,6.4,0.447,1.2,3.1,0.392,1.6,3.3,0.5,0.543,0.6,0.6,0.9,0.3,1.4,1.7,1.8,0.5,0.1,1.1,1.0,7.5,5250000.0,5.25,2.0952380952380953,22580.645064169268,0.5319148558925635,10.5,2.0
jordan nwora,SF,24,TOT,62,14,19.2,3.1,7.2,0.436,1.4,3.4,0.408,1.7,3.8,0.462,0.533,1.1,1.4,0.791,0.8,2.9,3.7,1.4,0.4,0.2,1.1,1.2,8.7,2800000.0,2.8,4.928571428571429,5190.952901017885,0.45312497639974075,13.299999999999999,4.75
jordan nwora,SF,24,MIL,38,3,15.7,2.0,5.2,0.386,1.1,2.7,0.392,0.9,2.5,0.379,0.487,1.0,1.1,0.86,0.8,2.3,3.1,1.0,0.3,0.2,0.9,0.9,6.0,2800000.0,2.8,3.607142857142857,12280.70170052324,0.3821655807537847,9.7,3.4642857142857144
jordan nwora,SF,24,IND,24,11,24.6,4.9,10.3,0.476,1.9,4.5,0.422,3.0,5.8,0.518,0.569,1.3,1.8,0.721,0.9,3.8,4.7,2.1,0.5,0.3,1.3,1.7,13.0,2800000.0,2.8,7.071428571428572,8974.358945595004,0.5284552630709242,19.3,6.892857142857143
royce o'neale,SF,29,BRK,76,53,31.7,3.0,7.8,0.386,2.1,5.5,0.389,0.9,2.3,0.379,0.524,0.7,0.9,0.725,0.7,4.3,5.1,3.7,0.9,0.6,1.5,3.1,8.8,9200000.0,9.2,1.9130434782608698,13755.980840675864,0.2776025149021289,17.6,1.9130434782608698
chuma okeke,SF,24,ORL,27,8,19.2,1.6,4.5,0.352,1.0,3.2,0.302,0.6,1.3,0.472,0.459,0.6,0.8,0.762,1.0,2.6,3.6,1.4,0.7,0.4,0.6,1.5,4.7,3433320.0,3.43332,2.8252536903055936,27055.318935734285,0.24479165391710137,10.200000000000001,2.9708853238265003
josh okogie,SG,24,PHO,72,26,18.8,2.3,5.8,0.391,0.9,2.7,0.335,1.3,3.0,0.442,0.471,1.9,2.7,0.724,1.5,2.0,3.5,1.5,0.8,0.5,0.9,1.6,7.3,1968175.0,1.968175,6.249444282139546,3744.6251831342747,0.38829785168628445,12.700000000000001,6.452678242534328
onyeka okongwu,C,22,ATL,80,18,23.1,4.0,6.2,0.638,0.1,0.2,0.308,3.9,6.1,0.647,0.642,1.9,2.5,0.781,2.7,4.5,7.2,1.0,0.7,1.3,1.0,3.1,9.9,6395160.0,6.39516,2.8302653881998263,8074.696959501645,0.42857141001855364,19.1,2.9866336416915296
isaac okoro,SF,22,CLE,76,46,21.7,2.3,4.7,0.494,0.8,2.3,0.363,1.5,2.4,0.617,0.582,1.0,1.4,0.757,0.7,1.8,2.5,1.1,0.7,0.4,0.6,2.1,6.4,7040880.0,7.04088,1.420277010828192,14475.493391292159,0.29493086198475293,10.5,1.4912908613696017
kz okpala,PF,23,SAC,35,3,7.1,0.5,1.1,0.421,0.2,0.6,0.333,0.3,0.5,0.529,0.513,0.2,0.2,0.875,0.2,0.8,1.0,0.4,0.2,0.2,0.2,1.1,1.3,1902133.0,1.902133,1.4194591019660558,41805.119960327036,0.18309856576076539,2.9,1.5246042206302082
victor oladipo,SG,30,MIA,42,2,26.3,3.8,9.6,0.397,1.7,5.0,0.33,2.1,4.5,0.471,0.484,1.4,1.9,0.747,0.4,2.7,3.0,3.5,1.4,0.3,2.1,2.4,10.7,8750000.0,8.75,1.9657142857142855,19470.404941098343,0.4068440909945212,16.799999999999997,1.9199999999999997
kelly olynyk,C,31,UTA,68,68,28.6,4.1,8.2,0.499,1.4,3.5,0.394,2.7,4.7,0.576,0.583,2.9,3.4,0.853,1.2,5.0,6.2,3.7,0.9,0.5,2.5,3.4,12.5,12804878.0,12.804878,1.7493333399974602,15064.562335218163,0.4370629217810167,21.299999999999997,1.6634285777654418
eugene omoruyi,SF,25,TOT,40,6,16.1,2.5,5.7,0.443,0.6,2.2,0.281,1.9,3.5,0.547,0.498,1.3,1.9,0.68,1.1,1.7,2.8,0.7,0.7,0.1,0.9,2.3,7.0,1013119.0,1.013119,10.364034234872705,3618.2821299347065,0.4347825816905228,10.399999999999999,10.265329146921534
eugene omoruyi,SF,25,OKC,23,2,11.8,1.9,4.1,0.468,0.3,1.3,0.258,1.6,2.7,0.571,0.511,0.7,1.2,0.607,1.0,1.3,2.3,0.5,0.6,0.0,0.7,2.0,4.9,1013119.0,1.013119,7.600291772239983,8989.520772053942,0.41525420209710157,7.6000000000000005,7.501586684288815
eugene omoruyi,SF,25,DET,17,4,21.9,3.4,7.9,0.425,1.0,3.4,0.293,2.4,4.5,0.526,0.489,2.0,2.8,0.723,1.2,2.2,3.5,1.0,0.8,0.2,1.1,2.6,9.7,1013119.0,1.013119,14.016122489065943,6143.8386528572555,0.4429223542044587,14.1,13.917417401114774
cedi osman,SF,27,CLE,77,2,20.1,3.1,6.9,0.451,1.5,4.1,0.372,1.6,2.8,0.564,0.56,1.0,1.4,0.694,0.3,2.0,2.3,1.5,0.5,0.1,0.7,1.6,8.7,7426088.0,7.426088,1.6832550327978877,11085.36794882017,0.43283579936140293,12.4,1.6697889925355045
chris paul,PG,37,PHO,59,59,32.0,5.0,11.3,0.44,1.7,4.4,0.375,3.3,6.9,0.482,0.513,2.3,2.7,0.831,0.5,3.8,4.3,8.9,1.5,0.4,1.9,2.1,13.9,28400000.0,28.4,0.9542253521126761,34629.92313787352,0.4343749864257817,27.1,0.9542253521126761
cameron payne,PG,28,PHO,48,15,20.2,3.9,9.4,0.415,1.4,3.9,0.368,2.5,5.6,0.448,0.49,1.0,1.3,0.766,0.3,2.0,2.2,4.5,0.7,0.2,1.7,1.8,10.3,6000000.0,6.0,2.8333333333333335,12135.922305550319,0.5099009648563879,16.2,2.6999999999999997
gary payton ii,SG,30,TOT,22,1,16.7,1.9,3.1,0.594,0.6,1.2,0.5,1.3,2.0,0.651,0.688,0.3,0.3,0.857,1.1,2.0,3.1,1.4,1.0,0.2,0.7,2.0,4.6,8300000.0,8.3,1.0963855421686746,82015.80946624695,0.27544908530244994,9.6,1.1566265060240963
gary payton ii,SG,30,POR,15,1,17.0,1.6,2.7,0.585,0.6,1.1,0.529,1.0,1.6,0.625,0.695,0.3,0.3,1.0,0.7,1.9,2.6,1.5,1.1,0.1,0.8,1.9,4.1,8300000.0,8.3,0.9879518072289155,134959.34739903503,0.24117645640138488,8.599999999999998,1.0361445783132526
gary payton ii,SG,30,GSW,7,0,16.0,2.4,4.0,0.607,0.6,1.3,0.444,1.9,2.7,0.684,0.679,0.3,0.4,0.667,2.0,2.3,4.3,1.1,0.9,0.6,0.6,2.0,5.7,8300000.0,8.3,1.3373493975903612,208020.04491177836,0.3562499777343764,12.0,1.4457831325301203
theo pinson,SG,27,DAL,40,1,8.1,0.8,2.2,0.356,0.6,1.6,0.355,0.2,0.6,0.36,0.483,0.3,0.3,0.846,0.3,1.3,1.6,1.2,0.2,0.0,0.3,0.9,2.4,1968175.0,1.968175,2.642041485132166,20501.822703106012,0.2962962597165112,5.1000000000000005,2.5912329950334705
mason plumlee,C,32,TOT,79,60,26.0,4.2,6.1,0.68,0.0,0.0,,4.2,6.1,0.68,0.68,2.5,4.0,0.636,2.9,6.0,8.9,3.1,0.6,0.6,1.5,2.7,10.8,9080417.0,9.080417,2.510897902596324,10642.77659324569,0.41538459940828465,22.500000000000007,2.477859772299004
mason plumlee,C,32,CHO,56,56,28.5,4.7,7.1,0.669,0.0,0.0,,4.7,7.1,0.669,0.669,2.8,4.6,0.605,3.3,6.3,9.7,3.7,0.6,0.6,1.6,2.9,12.2,9080417.0,9.080417,2.81925378537131,13291.008470007308,0.4280701604185908,25.2,2.7752029449748834
mason plumlee,C,32,LAC,23,4,19.9,2.8,3.8,0.727,0.0,0.0,,2.8,3.8,0.727,0.727,1.9,2.5,0.772,1.8,5.1,6.9,1.7,0.5,0.5,1.3,2.4,7.5,9080417.0,9.080417,1.7730463259561757,52640.09824556465,0.376884403171638,15.8,1.7400081956588558
jakob poeltl,C,27,TOT,72,71,26.5,5.4,8.6,0.629,0.0,0.0,0.0,5.4,8.6,0.63,0.629,1.7,2.8,0.592,3.3,5.8,9.1,2.7,0.9,1.2,1.7,2.7,12.5,9398148.0,9.398148,2.5856158043052737,10442.386655064014,0.47169809540761903,24.7,2.628177381330875
jakob poeltl,C,27,SAS,46,46,26.1,5.2,8.4,0.616,0.0,0.0,0.0,5.2,8.4,0.618,0.616,1.7,2.8,0.605,3.3,5.7,9.0,3.1,0.8,1.1,2.1,2.6,12.1,9398148.0,9.398148,2.5749754100488733,16884.92271490312,0.4636015148045396,24.000000000000004,2.553694621536073
jakob poeltl,C,27,TOR,26,25,27.2,5.8,8.8,0.652,0.0,0.0,,5.8,8.8,0.652,0.652,1.6,2.8,0.569,3.2,5.9,9.1,2.2,1.2,1.3,1.1,3.0,13.1,9398148.0,9.398148,2.5962561985616737,27592.918298317916,0.481617629352293,25.799999999999997,2.745221718151278
aleksej pokusevski,PF,21,OKC,34,25,20.6,3.2,7.3,0.434,1.1,3.1,0.365,2.1,4.3,0.483,0.51,0.6,1.0,0.629,1.3,3.4,4.7,1.9,0.6,1.3,1.3,1.7,8.1,3261480.0,3.26148,4.507156260348063,11842.701482052646,0.3932038644075793,15.3,4.691121821994923
jordan poole,PG,23,GSW,82,43,30.0,6.7,15.6,0.43,2.6,7.8,0.336,4.1,7.8,0.524,0.514,4.4,5.1,0.87,0.4,2.4,2.7,4.5,0.8,0.3,3.1,2.6,20.4,3901399.0,3.901399,7.074385367915458,2332.2566939668477,0.6799999773333341,25.599999999999998,6.561748747052018
bobby portis,PF,27,MIL,70,22,26.0,5.7,11.5,0.496,1.4,3.7,0.37,4.3,7.8,0.555,0.555,1.4,1.8,0.768,2.2,7.4,9.6,1.5,0.4,0.2,1.2,1.6,14.1,10843350.0,10.84335,2.324005035344243,10986.170201635086,0.5423076714497049,24.599999999999998,2.2686715821217613
micah potter,PF,24,UTA,7,0,7.4,1.4,2.1,0.667,0.6,1.0,0.571,0.9,1.1,0.75,0.8,0.0,0.0,,0.4,1.9,2.3,0.6,0.1,0.0,0.3,0.7,3.4,508891.0,0.508891,12.379861306252222,21381.973891513702,0.4594593973703517,6.099999999999999,11.986849836212468
dwight powell,C,31,DAL,76,64,19.2,2.6,3.5,0.732,0.0,0.1,0.0,2.6,3.5,0.746,0.732,1.5,2.2,0.667,2.0,2.2,4.1,0.9,0.6,0.3,0.9,2.8,6.7,11080125.0,11.080125,1.0559447659660879,21759.868378319192,0.3489583151584211,11.700000000000001,1.0559447659660879
norman powell,SG,29,LAC,60,8,26.1,5.7,11.8,0.479,1.9,4.8,0.397,3.8,7.1,0.534,0.559,3.8,4.6,0.812,0.4,2.5,2.9,1.8,0.8,0.3,1.7,2.1,17.0,16758621.0,16.758621,1.2948559430993754,16430.020572127432,0.6513409712129895,21.1,1.2590534746265818
jason preston,PG,23,LAC,14,0,8.9,1.3,2.9,0.439,0.4,1.3,0.278,0.9,1.6,0.565,0.5,0.0,0.1,0.0,0.1,1.4,1.6,1.9,0.1,0.0,0.7,0.5,2.9,1563518.0,1.563518,4.093333111611123,38510.29461797304,0.32584266001767864,5.8,3.7095831323975803
taurean prince,PF,28,MIN,54,4,22.1,3.3,7.0,0.467,1.4,3.6,0.381,1.9,3.4,0.557,0.565,1.2,1.4,0.844,0.3,2.2,2.4,1.6,0.5,0.3,1.3,2.3,9.1,7295000.0,7.295,1.7957505140507197,14845.33981512955,0.41176468725046655,12.6,1.7272104180945853
payton pritchard,PG,25,BOS,48,3,13.4,2.1,5.1,0.412,1.2,3.2,0.364,0.9,1.9,0.495,0.527,0.3,0.3,0.75,0.5,1.3,1.8,1.3,0.3,0.0,0.8,0.8,5.6,2239200.0,2.2392,3.885316184351554,8330.357111866233,0.4179104165738495,8.2,3.662022150768131
trevelin queen,SG,25,IND,7,0,10.0,1.0,4.1,0.241,0.3,2.1,0.133,0.7,2.0,0.357,0.276,0.7,0.7,1.0,1.1,1.3,2.4,0.9,0.3,0.7,1.0,0.6,3.0,838891.0,0.838891,7.509914875710909,39947.1885739434,0.299999970000003,6.300000000000001,7.509914875710909
neemias queta,C,23,SAC,5,0,5.8,1.2,1.8,0.667,0.0,0.0,,1.2,1.8,0.667,0.667,0.0,0.4,0.0,1.0,1.2,2.2,0.2,0.0,0.4,0.2,1.4,2.4,508891.0,0.508891,9.432275280954075,42407.57979936835,0.4137930321046496,5.0,9.825286750993827
immanuel quickley,SG,23,NYK,81,21,28.9,5.2,11.6,0.448,2.1,5.6,0.37,3.1,6.0,0.521,0.537,2.5,3.1,0.819,0.7,3.4,4.2,3.4,1.0,0.2,1.2,2.0,14.9,2316240.0,2.31624,9.714019272614237,1919.164800796118,0.5155709164162313,22.5,9.714019272614237
lester quinones,SG,22,GSW,4,0,4.5,0.5,1.3,0.4,0.5,1.0,0.5,0.0,0.3,0.0,0.6,1.0,1.5,0.667,0.3,0.5,0.8,0.5,0.3,0.0,1.3,0.0,2.5,129405.0,0.129405,29.365171361230246,12940.49870595013,0.5555554320987929,2.8,21.637494687222286
julius randle,PF,28,NYK,77,77,35.5,8.5,18.6,0.459,2.8,8.3,0.343,5.7,10.3,0.553,0.536,5.2,6.9,0.757,1.8,8.1,10.0,4.1,0.6,0.3,2.8,3.0,25.1,23760000.0,23.76,1.6498316498316499,12293.68240684344,0.7070422336044442,37.300000000000004,1.5698653198653199
austin reaves,SG,24,LAL,64,22,28.8,4.0,7.7,0.529,1.3,3.4,0.398,2.7,4.3,0.631,0.616,3.6,4.1,0.864,0.5,2.5,3.0,3.4,0.5,0.3,1.5,1.7,13.0,1563518.0,1.563518,12.407915994571216,1879.2283631259274,0.4513888732156641,18.7,11.96020768548875
cam reddish,SF,23,TOT,40,20,24.8,3.5,7.8,0.446,1.1,3.6,0.313,2.4,4.2,0.56,0.518,1.6,1.9,0.853,0.5,1.8,2.2,1.4,1.0,0.4,1.2,1.8,9.7,5954454.0,5.954454,2.233622091966786,15346.530888282137,0.39112901648673315,13.5,2.2672103941016255
cam reddish,SF,23,NYK,20,8,21.9,3.1,6.8,0.449,0.9,2.8,0.304,2.2,4.0,0.55,0.511,1.5,1.7,0.879,0.4,1.2,1.6,1.0,0.8,0.4,0.8,1.6,8.4,5954454.0,5.954454,1.847356617416139,35443.17836045727,0.38356162632138696,11.4,1.914533221685817
cam reddish,SF,23,POR,20,12,27.6,3.9,8.8,0.443,1.4,4.4,0.318,2.5,4.4,0.568,0.523,1.8,2.1,0.833,0.6,2.3,2.9,1.9,1.2,0.3,1.6,2.0,11.0,5954454.0,5.954454,2.6534758686522726,27065.699876974093,0.398550710197438,15.700000000000001,2.6366817175848536
davon reed,SG,27,TOT,43,1,8.0,0.7,2.0,0.333,0.4,1.1,0.37,0.3,0.9,0.289,0.435,0.4,0.6,0.667,0.2,1.1,1.4,0.5,0.3,0.1,0.5,0.9,2.1,1902133.0,1.902133,2.1029023732830456,21064.59555853161,0.2624999671875041,3.8999999999999995,2.0503298139509694
davon reed,SG,27,DEN,35,1,9.0,0.7,2.3,0.313,0.5,1.3,0.364,0.3,1.0,0.25,0.413,0.4,0.6,0.75,0.3,1.3,1.6,0.5,0.4,0.1,0.6,1.0,2.3,1902133.0,1.902133,2.3131926106113507,23628.981072931914,0.255555527160497,4.300000000000001,2.2606200512792745
davon reed,SG,27,LAL,8,0,3.4,0.4,0.5,0.75,0.1,0.3,0.5,0.3,0.3,1.0,0.875,0.1,0.5,0.25,0.1,0.4,0.5,0.5,0.3,0.0,0.0,0.4,1.0,1902133.0,1.902133,1.0514511866415228,237766.5952791756,0.2941175605536587,2.3,1.2091688646377512
paul reed,C,23,PHI,69,2,10.9,1.8,3.0,0.593,0.0,0.1,0.167,1.8,2.9,0.606,0.596,0.6,0.7,0.745,1.6,2.2,3.8,0.4,0.7,0.7,0.7,1.8,4.2,1782621.0,1.782621,4.712162596536224,6151.211158898512,0.38532106556687473,9.1,5.104842812914242
naz reid,C,23,MIN,68,11,18.4,4.6,8.5,0.537,1.1,3.2,0.346,3.5,5.3,0.653,0.602,1.3,1.9,0.677,1.1,3.8,4.9,1.1,0.6,0.8,1.4,2.6,11.5,1930681.0,1.930681,9.064159226718447,2468.901531369691,0.6249999660326105,17.500000000000004,9.06415922671845
jared rhoden,SG,23,DET,14,0,14.1,1.2,3.1,0.386,0.4,1.4,0.25,0.9,1.7,0.5,0.443,0.4,0.4,1.0,0.8,1.9,2.6,0.3,0.3,0.1,0.2,1.6,3.2,307089.0,0.307089,19.86394823650473,6854.665025565512,0.2269503385141604,6.3,20.515225227865535
nick richards,C,25,CHO,65,9,18.7,3.0,4.8,0.629,0.0,0.0,1.0,3.0,4.8,0.628,0.631,2.1,2.8,0.749,2.3,4.1,6.4,0.6,0.2,1.1,0.9,2.4,8.2,1782621.0,1.782621,8.526770412779832,3344.504684156652,0.4385026503474518,15.6,8.751159107852986
josh richardson,SG,29,TOT,65,10,23.5,3.7,8.5,0.431,1.6,4.5,0.365,2.0,4.0,0.506,0.528,1.1,1.2,0.852,0.6,2.1,2.7,2.7,1.1,0.3,1.3,1.8,10.1,12196094.0,12.196094,1.2708986992064837,18577.44703948599,0.42978721575373546,15.600000000000001,1.2790980456529772
josh richardson,SG,29,SAS,42,6,23.7,4.2,9.7,0.436,1.8,4.9,0.357,2.5,4.7,0.518,0.527,1.3,1.4,0.883,0.7,2.1,2.8,3.3,1.0,0.3,1.5,1.7,11.5,12196094.0,12.196094,1.443084974582846,25250.712163042004,0.4852320470366225,17.400000000000002,1.4266862816898591
josh richardson,SG,29,NOP,23,4,23.2,2.7,6.4,0.419,1.4,3.7,0.384,1.3,2.7,0.468,0.53,0.7,0.9,0.762,0.5,2.0,2.4,1.6,1.3,0.4,1.0,2.0,7.5,12196094.0,12.196094,0.9429248413467459,70701.99379303191,0.3232758481346617,12.200000000000001,1.0003202664722002
austin rivers,SG,30,MIN,52,10,19.5,1.8,4.0,0.435,0.8,2.4,0.35,0.9,1.7,0.558,0.538,0.6,0.8,0.769,0.1,1.5,1.6,1.4,0.5,0.1,0.4,1.5,4.9,2905851.0,2.905851,2.7186528146143765,11404.43873075181,0.2512820383957929,8.1,2.7874794681489172
duncan robinson,SF,28,MIA,42,1,16.5,2.1,5.6,0.371,1.5,4.6,0.328,0.6,1.1,0.556,0.504,0.7,0.8,0.906,0.2,1.5,1.6,1.1,0.3,0.0,0.7,1.8,6.4,16902000.0,16.902,0.5383978227428706,62879.464051787705,0.38787876437098395,8.700000000000001,0.5147319843805467
mitchell robinson,C,24,NYK,59,58,27.0,3.2,4.7,0.671,0.0,0.0,,3.2,4.7,0.671,0.671,1.0,2.1,0.484,4.5,4.9,9.4,0.9,0.9,1.8,0.7,2.7,7.4,17045454.0,17.045454,1.038400033228801,39041.35126193002,0.27407406392318284,19.7,1.1557333703168011
orlando robinson,C,22,MIA,31,1,13.7,1.5,2.9,0.528,0.0,0.2,0.0,1.5,2.7,0.566,0.528,0.7,1.0,0.71,1.5,2.5,4.1,0.8,0.4,0.4,0.5,1.7,3.7,386055.0,0.386055,22.276618616518373,3365.780267081253,0.27007297298737426,8.9,23.053709963606224
jeremiah robinson-earl,PF,22,OKC,43,20,18.9,2.6,5.8,0.444,0.9,2.6,0.333,1.7,3.2,0.533,0.518,0.8,1.0,0.833,1.7,2.5,4.2,1.0,0.6,0.3,0.4,1.7,6.8,2000000.0,2.0,6.0,6839.945257045331,0.35978834075193966,12.5,6.25
isaiah roby,PF,24,SAS,42,2,11.3,1.6,3.7,0.432,0.4,1.4,0.3,1.2,2.3,0.516,0.49,0.5,1.0,0.488,0.5,2.0,2.5,0.9,0.4,0.2,0.7,1.3,4.1,2330681.0,2.330681,3.2179435967427548,13534.732790158347,0.3628318262980684,7.3999999999999995,3.175037682119518
david roddy,PF,21,MEM,70,4,18.0,2.6,6.0,0.429,0.9,3.0,0.307,1.6,3.0,0.553,0.506,0.6,0.9,0.631,0.7,2.0,2.8,0.8,0.4,0.3,0.8,1.5,6.7,2588640.0,2.58864,3.9789232956301386,5519.488261152477,0.372222201543211,10.200000000000001,3.9402929723715934
ryan rollins,PG,20,GSW,12,0,5.2,0.6,1.7,0.35,0.3,0.8,0.333,0.3,0.9,0.364,0.425,0.5,0.5,1.0,0.3,0.8,1.0,0.5,0.1,0.1,1.3,0.8,1.9,1017781.0,1.017781,3.340600777573957,44639.51558598616,0.36538454511835666,2.3,2.2598181730647355
derrick rose,PG,34,NYK,27,0,12.5,2.3,5.9,0.384,0.7,2.3,0.302,1.6,3.6,0.438,0.443,0.4,0.4,0.917,0.3,1.2,1.5,1.7,0.3,0.2,0.8,0.7,5.6,14520730.0,14.52073,0.6060301376032747,96036.57343891155,0.4479999641600029,8.499999999999998,0.5853700192758903
terrence ross,SG,31,TOT,63,9,21.1,3.2,7.4,0.43,1.5,4.1,0.368,1.7,3.3,0.507,0.532,0.4,0.5,0.794,0.3,2.1,2.4,1.5,0.6,0.2,0.7,1.5,8.3,11500000.0,11.5,1.0608695652173914,21992.73279404717,0.3933649102670658,12.3,1.0695652173913044
terrence ross,SG,31,ORL,42,9,22.5,3.1,7.1,0.431,1.5,3.8,0.381,1.6,3.3,0.489,0.533,0.4,0.5,0.75,0.2,1.8,2.0,1.3,0.6,0.2,0.9,1.3,8.0,11500000.0,11.5,0.982608695652174,34226.19037432681,0.3555555397530871,11.2,0.9739130434782608
terrence ross,SG,31,PHO,21,0,18.4,3.4,7.9,0.428,1.6,4.7,0.347,1.8,3.2,0.544,0.53,0.6,0.7,0.857,0.6,2.7,3.3,2.0,0.5,0.1,0.3,2.1,9.0,11500000.0,11.5,1.2434782608695654,60846.560524621374,0.4891304081994344,14.6,1.2695652173913043
terry rozier,SG,28,CHO,63,63,35.3,7.8,18.9,0.415,2.6,8.0,0.327,5.2,10.8,0.48,0.484,2.8,3.5,0.809,0.8,3.3,4.1,5.1,1.2,0.3,2.1,1.9,21.1,21486316.0,21.486316,1.410199868604744,16163.63197460044,0.597733694115193,29.700000000000003,1.3822751187313826
ricky rubio,PG,32,CLE,33,2,17.2,1.8,5.4,0.343,0.6,2.5,0.256,1.2,2.9,0.417,0.402,0.8,1.1,0.8,0.3,1.8,2.1,3.5,0.8,0.2,0.9,1.5,5.2,5853659.0,5.853659,1.8449998539375116,34112.23173594271,0.3023255638182812,10.9,1.8620831859184144
d'angelo russell,PG,26,TOT,71,71,32.5,6.3,13.4,0.469,2.7,6.9,0.396,3.5,6.5,0.548,0.572,2.5,3.0,0.829,0.5,2.5,3.0,6.2,1.0,0.4,2.6,2.0,17.8,31377750.0,31.37775,0.860482348160719,24828.097780639262,0.5476922908402373,25.799999999999997,0.8222386882424647
d'angelo russell,PG,26,MIN,54,54,32.9,6.3,13.5,0.465,2.7,7.0,0.391,3.5,6.4,0.546,0.567,2.6,3.1,0.856,0.5,2.5,3.1,6.2,1.1,0.4,2.7,2.2,17.9,31377750.0,31.37775,0.866856291480428,32461.98010297747,0.5440729317910963,26.0,0.8286126315621739
d'angelo russell,PG,26,LAL,17,17,30.9,6.3,13.0,0.484,2.7,6.5,0.414,3.6,6.5,0.555,0.588,2.1,2.9,0.735,0.4,2.5,2.9,6.1,0.6,0.5,2.3,1.4,17.4,31377750.0,31.37775,0.8413605182015919,106077.58584828404,0.5631067778929845,25.2,0.8031168582833377
matt ryan,SF,25,TOT,34,0,9.1,1.2,3.2,0.37,0.9,2.5,0.381,0.2,0.7,0.333,0.519,0.3,0.4,0.833,0.1,0.6,0.8,0.5,0.1,0.0,0.2,0.8,3.6,806097.0,0.806097,6.078672914053769,6585.759750116342,0.39560435213138995,4.8,5.954618364787365
matt ryan,SF,25,LAL,12,0,10.8,1.3,4.1,0.306,1.1,2.9,0.371,0.2,1.2,0.143,0.439,0.3,0.4,0.8,0.2,1.0,1.2,0.3,0.2,0.0,0.3,1.2,3.9,806097.0,0.806097,6.698945660385784,17224.294503754394,0.3611110776749002,5.3,6.574891111119381
matt ryan,SF,25,MIN,22,0,8.2,1.1,2.7,0.424,0.9,2.2,0.388,0.3,0.5,0.6,0.585,0.3,0.3,0.857,0.1,0.5,0.5,0.5,0.1,0.0,0.2,0.6,3.4,806097.0,0.806097,5.458400167721751,10776.697716889068,0.41463409577632987,4.3,5.334345618455347
domantas sabonis,C,26,SAC,79,79,34.6,7.3,11.9,0.615,0.4,1.1,0.373,6.9,10.8,0.639,0.632,4.1,5.5,0.742,3.2,9.1,12.3,7.3,0.8,0.5,2.9,3.5,19.1,21100000.0,21.1,1.8341232227488151,13983.69672345172,0.5520231054328583,37.1,1.7582938388625593
olivier sarr,C,23,OKC,9,1,12.7,1.7,3.3,0.5,0.1,0.9,0.125,1.6,2.4,0.636,0.517,0.6,0.8,0.714,1.3,2.1,3.4,0.4,0.1,0.6,0.4,1.9,4.0,257371.0,0.257371,30.306444782046153,7149.194245855716,0.3149606051212122,8.1,31.472077273663306
jordan schakel,SF,24,WAS,2,0,3.0,0.5,1.0,0.5,0.5,0.5,1.0,0.0,0.5,0.0,0.75,0.0,0.0,,0.0,0.0,0.0,0.5,0.5,0.0,0.0,0.5,1.5,96514.0,0.096514,20.722382245062892,32171.322609559127,0.4999998333333889,2.5,25.902977806328614
admiral schofield,PF,25,ORL,37,0,12.2,1.5,3.3,0.451,0.6,2.0,0.324,0.8,1.3,0.646,0.549,0.6,0.6,0.913,0.6,1.1,1.7,0.8,0.2,0.1,0.4,1.6,4.2,877940.0,0.87794,7.631501013736702,5649.549513194662,0.34426226686374867,6.6,7.517598013531676
jay scrubb,SG,22,ORL,2,0,15.0,2.5,3.5,0.714,1.0,1.0,1.0,1.5,2.5,0.6,0.857,0.5,1.0,0.5,0.0,3.0,3.0,0.5,1.0,0.0,1.5,1.0,6.5,49719.0,0.049719,201.13035258150808,3824.538167343218,0.4333333044444464,9.5,191.07383495243266
dereon seabron,SG,22,NOP,5,0,2.4,0.4,1.0,0.4,0.0,0.0,,0.4,1.0,0.4,0.4,0.0,0.0,,0.2,0.0,0.2,0.0,0.0,0.0,0.0,0.2,0.8,511816.0,0.511816,1.9538271566344152,127953.968011508,0.3333331944445023,1.0,1.9538271566344152
collin sexton,PG,24,UTA,48,15,23.9,4.9,9.8,0.506,1.0,2.5,0.393,3.9,7.2,0.546,0.558,3.4,4.1,0.819,0.8,1.4,2.2,2.9,0.6,0.1,1.8,2.3,14.3,16700000.0,16.7,1.1616766467065869,24329.83679439126,0.5983263347980613,18.3,1.095808383233533
landry shamet,SG,25,PHO,40,9,20.2,2.8,7.5,0.377,1.9,5.0,0.377,1.0,2.5,0.376,0.502,1.1,1.3,0.882,0.3,1.4,1.7,2.3,0.7,0.1,0.9,1.5,8.7,9500000.0,9.5,1.3368421052631578,27298.85049626767,0.4306930479854926,12.599999999999998,1.326315789473684
day'ron sharpe,C,21,BRK,48,3,11.5,1.9,3.6,0.544,0.1,0.2,0.545,1.8,3.3,0.544,0.561,0.7,1.1,0.636,2.1,2.1,4.2,0.8,0.3,0.7,0.9,1.9,4.7,2109480.0,2.10948,4.598289625879364,9350.531873446223,0.4086956166351638,9.8,4.645694673568842
shaedon sharpe,SG,19,POR,80,15,22.2,3.8,8.1,0.472,1.3,3.5,0.36,2.6,4.6,0.559,0.551,0.9,1.3,0.714,0.8,2.2,3.0,1.2,0.5,0.3,1.0,1.7,9.9,6012960.0,6.01296,2.3449349405284585,7592.121202535201,0.4459459258582916,13.9,2.3116734520103246
pascal siakam,PF,28,TOR,71,71,37.4,8.9,18.5,0.48,1.3,4.0,0.324,7.6,14.5,0.523,0.515,5.2,6.7,0.774,1.8,6.0,7.8,5.8,0.9,0.5,2.4,3.2,24.2,35448672.0,35.448672,1.0663304961043392,20631.283889750153,0.6470588062283742,36.8,1.0381206946200974
chris silva,PF,26,DAL,1,0,3.0,1.0,1.0,1.0,0.0,0.0,,1.0,1.0,1.0,1.0,0.0,0.0,,0.0,0.0,0.0,0.0,0.0,0.0,1.0,2.0,2.0,211045.0,0.211045,9.476651898884123,105522.44723877637,0.6666664444445185,1.0,4.7383259494420615
ben simmons,PG,26,BRK,42,33,26.3,3.2,5.6,0.566,0.0,0.0,0.0,3.2,5.5,0.571,0.566,0.6,1.4,0.439,1.0,5.3,6.3,6.1,1.3,0.6,2.3,3.3,6.9,35448672.0,35.448672,0.5444491686458662,122321.15899820166,0.26235740447310246,18.9,0.5331652480521696
kobi simmons,SG,25,CHO,5,0,5.6,0.2,1.2,0.167,0.2,1.0,0.2,0.0,0.2,0.0,0.25,0.4,0.4,1.0,0.2,0.6,0.8,1.0,0.0,0.4,0.2,0.0,1.0,32795.0,0.032795,85.37886872998932,6558.998688200262,0.17857139668367916,2.9999999999999996,91.47735935355999
marko simonovic,C,23,CHI,7,0,2.9,0.3,1.0,0.286,0.1,0.6,0.25,0.1,0.4,0.333,0.357,0.1,0.3,0.5,0.1,0.1,0.3,0.0,0.0,0.0,0.0,0.7,0.9,1563518.0,1.563518,0.7674999584270856,248177.4209242189,0.310344720570786,1.2,0.7674999584270856
anfernee simons,SG,23,POR,62,62,35.0,7.5,16.9,0.447,3.4,9.1,0.377,4.1,7.8,0.528,0.548,2.6,2.9,0.894,0.3,2.3,2.6,4.1,0.7,0.2,2.1,2.3,21.1,22321429.0,22.321429,1.2454399760875527,17062.703701985396,0.6028571256326536,26.6,1.1916799771197446
jericho sims,C,24,NYK,52,16,15.6,1.6,2.1,0.776,0.0,0.0,0.0,1.6,2.0,0.783,0.776,0.2,0.3,0.75,1.9,2.8,4.7,0.5,0.3,0.5,0.5,1.8,3.4,1639842.0,1.639842,5.24440769293627,9275.12438192803,0.21794870397764718,8.9,5.427352147341025
marcus smart,PG,28,BOS,61,61,32.1,4.1,9.9,0.415,1.9,5.6,0.336,2.2,4.3,0.519,0.511,1.4,1.9,0.746,0.8,2.4,3.1,6.3,1.5,0.4,2.3,2.8,11.5,17207142.0,17.207142,1.2146119326498264,24529.069102595768,0.35825544055279,20.499999999999996,1.1913657712593988
dru smith,SG,25,TOT,15,1,10.5,1.2,3.0,0.4,0.3,1.3,0.263,0.9,1.7,0.5,0.456,0.2,0.2,1.0,0.1,1.5,1.6,1.5,0.7,0.3,0.2,1.5,2.9,374357.0,0.374357,16.02748178877382,8605.90784814005,0.27619044988662383,6.8,18.164479360610326
dru smith,SG,25,MIA,5,1,13.4,1.0,2.8,0.357,0.2,1.2,0.167,0.8,1.6,0.5,0.393,0.0,0.0,,0.2,1.6,1.8,1.0,0.8,0.6,0.2,2.0,2.2,374357.0,0.374357,13.356234823978182,34032.45145159533,0.1641790922254409,6.199999999999999,16.56173118173294
dru smith,SG,25,BRK,10,0,9.1,1.3,3.1,0.419,0.4,1.3,0.308,0.9,1.8,0.5,0.484,0.3,0.3,1.0,0.1,1.4,1.5,1.7,0.6,0.1,0.2,1.3,3.3,374357.0,0.374357,17.363105271171637,11344.15117138936,0.3626373227871074,6.999999999999999,18.69872875356945
jalen smith,C,22,IND,68,31,18.8,3.6,7.5,0.476,0.8,2.8,0.283,2.8,4.7,0.593,0.53,1.5,2.0,0.759,1.9,3.9,5.8,1.0,0.3,0.9,1.1,2.3,9.4,4670160.0,4.67016,3.4688319029754866,7306.257810847531,0.4999999734042567,16.299999999999997,3.490244445586446
xavier sneed,SF,25,CHO,4,0,12.0,1.3,2.5,0.5,0.8,1.5,0.5,0.5,1.0,0.5,0.65,1.0,1.0,1.0,0.0,1.3,1.3,1.3,0.0,0.3,0.8,1.8,4.3,102910.0,0.10291,67.04887766009134,5983.139187026792,0.3583333034722247,6.3999999999999995,62.19026333689631
jeremy sochan,PF,19,SAS,56,53,26.0,4.5,9.9,0.453,0.6,2.4,0.246,3.9,7.5,0.519,0.483,1.4,2.1,0.698,1.7,3.6,5.3,2.5,0.8,0.4,1.7,2.5,11.0,5063520.0,5.06352,3.712832179985465,8219.999986655845,0.4230769068047343,18.3,3.614086643283724
jaden springer,SG,20,PHI,16,2,5.6,1.1,2.2,0.486,0.1,0.3,0.4,0.9,1.9,0.5,0.514,0.4,0.5,0.75,0.4,0.5,0.9,0.5,0.4,0.2,0.2,0.9,2.6,2125200.0,2.1252,1.8821757952192735,51086.5372334967,0.46428563137756584,4.4,2.070393374741201
lamar stevens,SF,25,CLE,62,25,18.1,2.1,4.6,0.448,0.5,1.5,0.316,1.6,3.1,0.513,0.5,0.6,0.9,0.702,0.8,2.6,3.3,0.5,0.4,0.3,0.4,1.3,5.3,1782621.0,1.782621,5.104842812914242,5424.896514227339,0.29281766338023957,9.4,5.273134334219108
isaiah stewart,C,21,DET,50,47,28.3,3.9,8.8,0.442,1.3,4.1,0.327,2.6,4.7,0.542,0.518,2.2,3.0,0.738,2.3,5.8,8.1,1.4,0.4,0.7,1.4,2.7,11.3,3433320.0,3.43332,6.058275954469725,6076.672555616508,0.3992932721097784,20.499999999999996,5.9708969743571805
max strus,SF,26,MIA,80,33,28.4,4.1,9.9,0.41,2.5,7.0,0.35,1.6,2.8,0.559,0.535,1.0,1.1,0.876,0.6,2.6,3.2,2.1,0.5,0.2,0.9,2.1,11.5,1815677.0,1.815677,9.252747046969258,1973.561954376563,0.40492956320670553,16.6,9.1425952964101
jalen suggs,SG,21,ORL,53,19,23.5,3.5,8.4,0.419,1.2,3.8,0.327,2.3,4.6,0.496,0.493,1.6,2.2,0.723,1.0,2.0,3.0,2.9,1.3,0.5,1.8,2.3,9.9,6922320.0,6.92232,2.2824717724693455,13192.910209275946,0.42127657781801797,15.8,2.2824717724693455
edmond sumner,SG,27,BRK,53,12,13.9,2.3,5.1,0.461,0.6,1.6,0.356,1.8,3.4,0.511,0.519,1.9,2.0,0.917,0.2,1.2,1.5,1.3,0.6,0.2,0.9,1.6,7.1,1968175.0,1.968175,5.0300405197708535,5230.334825324649,0.5107913301588971,9.799999999999999,4.979232029672158
cole swider,SF,23,LAL,7,0,5.9,0.4,1.3,0.333,0.4,1.1,0.375,0.0,0.1,0.0,0.5,0.0,0.0,,0.1,0.9,1.0,0.6,0.0,0.0,0.0,0.4,1.3,508891.0,0.508891,5.69866631557642,55922.08176680421,0.22033894570526344,2.9,5.69866631557642
jae'sean tate,SF,27,HOU,31,7,21.8,3.5,7.4,0.48,0.4,1.5,0.283,3.1,5.9,0.53,0.509,1.6,2.2,0.725,1.3,2.5,3.8,2.7,0.7,0.2,1.5,3.4,9.1,7065217.0,7.065217,2.208000122289237,25045.079670169875,0.41743117351233144,14.999999999999996,2.123077040662728
jayson tatum,SF,24,BOS,74,74,36.9,9.8,21.1,0.466,3.2,9.3,0.35,6.6,11.8,0.558,0.543,7.2,8.4,0.854,1.1,7.7,8.8,4.6,1.1,0.7,2.9,2.2,30.1,30351780.0,30.35178,1.4331943629006274,13626.551129735768,0.8157181350753894,42.40000000000001,1.3969526663675083
terry taylor,PF,23,TOT,31,2,8.5,1.3,2.4,0.52,0.2,0.6,0.263,1.1,1.8,0.607,0.553,0.2,0.4,0.545,0.9,0.6,1.5,0.3,0.1,0.2,0.3,0.8,2.9,1703902.0,1.703902,2.758374601356181,18953.303459918763,0.34117643044983176,4.7,2.758374601356181
terry taylor,PF,23,IND,26,2,8.8,1.2,2.5,0.462,0.2,0.7,0.222,1.0,1.8,0.553,0.492,0.2,0.3,0.714,0.8,0.7,1.5,0.4,0.1,0.2,0.3,0.9,2.7,1703902.0,1.703902,2.699685780050731,24272.10791635174,0.30681814695248333,4.6000000000000005,2.699685780050731
terry taylor,PF,23,CHI,5,0,7.2,1.8,2.0,0.9,0.2,0.2,1.0,1.6,1.8,0.889,0.95,0.2,0.8,0.25,1.0,0.6,1.6,0.0,0.0,0.2,0.0,0.4,4.0,1703902.0,1.703902,3.286573993105237,85195.0957402452,0.5555554783950725,5.8,3.4039516357161386
garrett temple,SG,36,NOP,25,0,6.5,0.7,1.8,0.4,0.4,1.0,0.423,0.3,0.8,0.368,0.522,0.1,0.2,0.75,0.2,0.5,0.7,0.5,0.4,0.1,0.2,0.6,2.0,5155500.0,5.1555,0.6206963437106003,103109.99793780004,0.3076922603550369,3.5,0.6788866259334692
dalen terry,SG,20,CHI,38,0,5.6,0.8,1.9,0.444,0.2,0.7,0.259,0.7,1.2,0.556,0.493,0.4,0.6,0.667,0.3,0.7,1.0,0.6,0.3,0.1,0.2,0.6,2.2,3191400.0,3.1914,1.1907000062668422,38174.640691690896,0.3928570727040942,4.0,1.2533684276493076
daniel theis,C,30,IND,7,1,15.6,3.0,6.3,0.477,0.3,1.6,0.182,2.7,4.7,0.576,0.5,0.7,1.7,0.417,1.0,2.1,3.1,1.3,0.3,0.9,0.4,1.0,7.0,8694369.0,8.694369,1.311193486266801,177436.09841967147,0.4487179199539795,12.200000000000001,1.4032070642504362
cam thomas,SG,21,BRK,57,4,16.6,3.5,8.0,0.441,0.9,2.3,0.383,2.6,5.7,0.464,0.497,2.6,3.1,0.868,0.1,1.5,1.7,1.4,0.4,0.1,1.1,1.0,10.6,2138160.0,2.13816,6.407378306581359,3538.8281967248795,0.6385541784003506,13.1,6.1267631982639275
klay thompson,SF,32,GSW,69,69,33.0,7.9,18.1,0.436,4.4,10.6,0.412,3.6,7.6,0.47,0.556,1.7,1.9,0.879,0.6,3.6,4.1,2.4,0.7,0.4,1.8,1.9,21.9,40600080.0,40.60008,0.6995060108255944,26867.897540289923,0.6636363435261714,27.699999999999996,0.6822646654883437
jt thor,PF,20,CHO,69,8,14.0,1.4,3.4,0.399,0.6,1.8,0.317,0.8,1.7,0.487,0.481,0.5,0.7,0.702,0.5,1.7,2.2,0.5,0.3,0.3,0.6,1.0,3.8,1563518.0,1.563518,4.157291441480047,5963.073966578666,0.2714285520408177,6.5,4.157291441480047
matisse thybulle,SF-SG,25,TOT,71,28,16.9,1.5,3.6,0.435,0.8,2.1,0.365,0.8,1.5,0.533,0.542,0.3,0.4,0.679,0.6,1.4,2.0,0.7,1.2,0.5,0.3,1.6,4.1,4379526.0,4.379526,1.5526794452185007,15044.747457764524,0.24260353594061915,8.2,1.872348742763486
matisse thybulle,SF,25,PHI,49,6,12.1,1.0,2.4,0.431,0.4,1.3,0.333,0.6,1.1,0.547,0.522,0.2,0.2,0.75,0.4,0.9,1.3,0.5,0.9,0.3,0.2,1.3,2.7,4379526.0,4.379526,1.027508456394596,33102.99294706732,0.22314047742640686,5.5,1.2558436689267285
matisse thybulle,SG,25,POR,22,22,27.7,2.7,6.2,0.438,1.5,3.9,0.388,1.2,2.4,0.519,0.558,0.5,0.7,0.625,0.9,2.6,3.5,1.4,1.7,0.8,0.7,2.2,7.4,4379526.0,4.379526,2.8085231141452294,26901.26519102417,0.2671480047961009,14.100000000000001,3.219526496703068
isaiah todd,PF,21,WAS,6,1,10.2,0.5,3.2,0.158,0.2,1.7,0.1,0.3,1.5,0.222,0.184,0.3,0.3,1.0,0.3,1.7,2.0,0.7,0.2,0.0,0.3,0.7,1.5,1575000.0,1.575,2.666666666666667,174999.98055555773,0.1470588091118815,4.1000000000000005,2.6031746031746037
obi toppin,PF,24,NYK,67,5,15.7,2.8,6.3,0.446,1.3,3.7,0.344,1.5,2.6,0.593,0.548,0.6,0.7,0.809,0.4,2.4,2.8,1.0,0.3,0.2,0.6,1.0,7.4,5348280.0,5.34828,2.094131197319512,10787.172225116636,0.4713375495963345,11.1,2.075433597343445
juan toscano-anderson,SF,29,TOT,52,9,13.5,1.2,2.8,0.448,0.2,0.8,0.186,1.1,1.9,0.56,0.476,0.4,0.5,0.792,0.5,1.8,2.4,1.3,0.3,0.2,0.7,1.5,3.0,2133278.0,2.133278,3.1407064620738603,13674.858886699623,0.2222222057613181,6.5,3.046954030370163
juan toscano-anderson,SF,29,LAL,30,7,12.2,1.1,2.2,0.5,0.1,0.7,0.2,1.0,1.5,0.63,0.53,0.4,0.5,0.733,0.5,1.6,2.0,0.8,0.3,0.2,0.6,1.5,2.7,2133278.0,2.133278,2.5781918718516765,26336.765106953517,0.22131145726955273,5.4,2.531315655999828
juan toscano-anderson,SF,29,UTA,22,2,15.2,1.4,3.5,0.403,0.2,1.0,0.174,1.2,2.5,0.5,0.429,0.4,0.4,0.889,0.6,2.2,2.9,1.8,0.3,0.1,0.8,1.5,3.4,2133278.0,2.133278,3.7969734839997415,28519.758977008572,0.22368419581025029,7.7,3.609468620592347
karl-anthony towns,PF,27,MIN,29,29,33.0,7.3,14.8,0.495,2.1,5.7,0.366,5.2,9.1,0.576,0.565,4.1,4.7,0.874,1.7,6.5,8.1,4.8,0.7,0.6,3.0,3.8,20.8,33833400.0,33.8334,0.9960571506263042,56089.85401841867,0.6303030112029391,32.0,0.9458109442148883
myles turner,C,26,IND,62,62,29.4,6.5,11.8,0.548,1.5,4.0,0.373,5.0,7.8,0.638,0.612,3.5,4.5,0.783,1.4,6.1,7.5,1.4,0.6,2.3,1.7,3.5,18.0,35096500.0,35.0965,0.7664581938369923,31448.47667432932,0.612244877134528,28.1,0.8006496374282337
stanley umude,SG,23,DET,1,0,2.0,0.0,1.0,0.0,0.0,1.0,0.0,0.0,0.0,,0.0,2.0,2.0,1.0,0.0,0.0,0.0,0.0,1.0,1.0,0.0,0.0,2.0,58493.0,0.058493,34.19212555348503,29246.48537675731,0.99999950000025,4.0,68.38425110697005
jarred vanderbilt,PF,23,TOT,78,65,24.1,3.2,5.8,0.548,0.4,1.2,0.322,2.8,4.6,0.604,0.58,1.2,1.8,0.691,2.2,5.3,7.5,2.4,1.1,0.3,1.2,2.4,7.9,4374000.0,4.374,4.069501600365799,7098.344681761855,0.327800816273825,18.000000000000004,4.1152263374485605
jarred vanderbilt,PF,23,UTA,52,41,24.1,3.3,6.0,0.556,0.4,1.1,0.333,3.0,4.9,0.606,0.587,1.3,2.0,0.657,2.3,5.5,7.9,2.7,1.0,0.3,1.3,2.6,8.3,4374000.0,4.374,4.320987654320988,10134.383665119592,0.34439832595857567,18.900000000000002,4.320987654320988
jarred vanderbilt,PF,23,LAL,26,24,24.0,2.8,5.4,0.529,0.4,1.3,0.303,2.5,4.1,0.598,0.564,1.1,1.4,0.784,1.9,4.8,6.7,1.6,1.2,0.2,1.1,2.2,7.2,4374000.0,4.374,3.543667123914038,23365.384490569526,0.2999999875000005,15.799999999999999,3.61225422953818
fred vanvleet,PG,28,TOR,69,69,36.7,6.3,16.1,0.393,3.0,8.8,0.342,3.3,7.3,0.455,0.486,3.7,4.1,0.898,0.4,3.6,4.1,7.2,1.8,0.6,2.0,2.8,19.3,21250000.0,21.25,1.44,15957.047371061763,0.5258855442537999,31.0,1.4588235294117646
devin vassell,SG,22,SAS,38,32,31.0,6.9,15.7,0.439,2.7,7.0,0.387,4.2,8.7,0.48,0.525,2.1,2.6,0.78,0.2,3.7,3.9,3.6,1.1,0.4,1.5,1.5,18.5,4437000.0,4.437,5.859815190443993,6311.522039386171,0.5967741742976073,26.0,5.859815190443993
gabe vincent,PG,26,MIA,68,34,25.9,3.4,8.3,0.402,1.7,5.1,0.334,1.6,3.2,0.512,0.505,1.0,1.1,0.872,0.4,1.7,2.1,2.5,0.9,0.1,1.4,2.3,9.4,1815677.0,1.815677,7.710622539141048,2840.545990549834,0.3629343489214537,13.6,7.490319038022732
noah vonleh,C,27,BOS,23,1,7.4,0.5,1.0,0.458,0.0,0.2,0.25,0.4,0.9,0.5,0.479,0.1,0.1,1.0,0.8,1.3,2.1,0.3,0.1,0.3,0.5,1.5,1.1,1160955.0,1.160955,3.0147594006658314,45887.54759337756,0.14864862856099614,3.4,2.9286234177896646
dean wade,PF,26,CLE,44,13,20.3,1.7,4.0,0.412,1.0,2.9,0.354,0.6,1.1,0.56,0.54,0.3,0.5,0.652,0.5,3.0,3.4,0.8,0.6,0.5,0.4,2.0,4.7,1930681.0,1.930681,4.609772406731096,9335.98157961324,0.2315270821907841,9.6,4.972338775799834
franz wagner,SF,21,ORL,80,80,32.6,6.8,14.0,0.485,1.6,4.5,0.361,5.2,9.5,0.544,0.543,3.4,4.0,0.842,0.9,3.2,4.1,3.5,1.0,0.2,2.1,2.3,18.6,5258280.0,5.25828,4.982617890260694,3533.790320205786,0.5705521297376648,25.3,4.811459260442578
moritz wagner,C,25,ORL,57,18,19.5,3.5,6.9,0.5,0.9,2.9,0.313,2.6,4.1,0.631,0.564,2.7,3.2,0.841,1.2,3.3,4.5,1.5,0.6,0.2,1.2,2.4,10.5,1878720.0,1.87872,8.782575370464997,3139.0476138027607,0.5384615108481277,16.1,8.56966445239312
jabari walker,SF,20,POR,56,0,11.1,1.5,3.5,0.419,0.3,1.0,0.286,1.2,2.5,0.472,0.46,0.6,0.8,0.756,0.9,1.5,2.3,0.6,0.2,0.2,0.5,1.2,3.9,1017781.0,1.017781,6.681201555147913,4660.169392581642,0.3513513196980793,6.699999999999999,6.582948591101621
kemba walker,PG,32,DAL,9,1,16.0,2.7,6.3,0.421,0.8,3.1,0.25,1.9,3.2,0.586,0.482,1.9,2.3,0.81,0.3,1.4,1.8,2.1,0.2,0.2,0.4,1.2,8.0,37281261.0,37.281261,0.3191952117714044,517795.28447506553,0.4999999687500019,11.899999999999999,0.31919521177140436
john wall,PG,32,LAC,34,3,22.2,4.1,9.9,0.408,1.0,3.2,0.303,3.1,6.7,0.459,0.457,2.3,3.3,0.681,0.4,2.3,2.7,5.2,0.8,0.4,2.4,1.7,11.4,47345760.0,47.34576,0.4076394591617074,122151.08327618398,0.5135134903822752,18.1,0.3822940005609795
yuta watanabe,SF,28,BRK,58,1,16.0,2.0,4.0,0.491,1.0,2.3,0.444,0.9,1.7,0.557,0.621,0.6,0.8,0.723,0.5,1.9,2.4,0.8,0.4,0.3,0.4,1.4,5.6,1968175.0,1.968175,4.471147128685204,6059.652074939496,0.34999997812500133,9.100000000000001,4.623572598981291
lindy waters iii,SG,25,OKC,41,0,13.0,1.7,4.3,0.393,1.4,4.0,0.358,0.3,0.4,0.75,0.556,0.4,0.5,0.8,0.4,1.4,1.8,0.7,0.3,0.3,0.2,1.0,5.2,2316876.0,2.316876,3.323440702048793,10867.148166664407,0.39999996923077163,8.100000000000001,3.4960869722850947
trendon watford,PF,22,POR,62,12,19.1,2.9,5.2,0.56,0.4,1.0,0.391,2.5,4.2,0.602,0.599,1.2,1.6,0.72,0.7,3.2,3.8,2.1,0.5,0.2,1.1,1.9,7.4,1563518.0,1.563518,8.506457872566864,3407.8421896080163,0.38743453468929134,12.899999999999999,8.25062455309117
peyton watson,SG,20,DEN,23,2,8.1,1.3,2.6,0.492,0.3,0.6,0.429,1.0,2.0,0.511,0.542,0.5,0.9,0.55,0.3,1.3,1.6,0.5,0.1,0.5,0.3,0.6,3.3,2193960.0,2.19396,2.4613028496417435,28905.928472912674,0.4074073571102029,5.7,2.598041896844063
blake wesley,SG,19,SAS,37,1,18.1,1.9,5.8,0.321,0.5,1.4,0.385,1.3,4.4,0.301,0.367,0.7,1.2,0.591,0.3,1.9,2.2,2.7,0.7,0.1,1.8,1.8,5.0,2385480.0,2.38548,4.1501081543337195,12894.48641678656,0.2762430786606033,8.899999999999999,3.7309053104616257
russell westbrook,PG,34,TOT,73,24,29.1,5.9,13.6,0.436,1.2,3.9,0.311,4.7,9.7,0.487,0.481,2.8,4.3,0.656,1.2,4.6,5.8,7.5,1.0,0.5,3.5,2.2,15.9,47080179.0,47.080179,0.6202185424995941,40561.88417285957,0.5463917338009713,27.2,0.5777378204105809
russell westbrook,PG,34,LAL,52,3,28.7,5.8,14.0,0.417,1.2,4.1,0.296,4.6,9.9,0.467,0.46,3.0,4.6,0.655,1.1,5.0,6.2,7.5,1.0,0.4,3.5,2.3,15.9,47080179.0,47.080179,0.6287146869173968,56942.64506900986,0.554006949337737,27.5,0.5841099287239329
russell westbrook,PG,34,LAC,21,21,30.2,6.1,12.5,0.489,1.2,3.5,0.356,4.9,9.0,0.54,0.538,2.4,3.6,0.658,1.4,3.4,4.9,7.6,1.1,0.5,3.4,2.0,15.8,47080179.0,47.080179,0.6011022175595382,141893.24550363698,0.5231787906232189,26.500000000000007,0.5628695676794263
coby white,SG,22,CHI,74,2,23.4,3.6,8.0,0.443,1.7,4.6,0.372,1.8,3.4,0.54,0.551,0.8,0.9,0.871,0.2,2.6,2.9,2.8,0.7,0.1,1.0,1.6,9.7,7413955.0,7.413955,2.0771639428618056,10328.719684691112,0.41452989681496166,15.2,2.0501877877597043
derrick white,SG,28,BOS,82,70,28.3,4.3,9.2,0.462,1.8,4.8,0.381,2.5,4.5,0.548,0.56,2.0,2.3,0.875,0.6,2.9,3.6,3.9,0.7,0.9,1.2,2.2,12.4,17142857.0,17.142857,1.1608333430069444,16859.615443686453,0.4381625286868364,20.299999999999997,1.184166676534722
jack white,SF,25,DEN,17,0,3.9,0.5,1.1,0.421,0.2,0.5,0.333,0.3,0.6,0.5,0.5,0.1,0.2,0.667,0.4,0.6,1.0,0.2,0.2,0.1,0.1,0.5,1.2,508891.0,0.508891,4.716137640477038,24945.636032076665,0.3076922287968644,2.6000000000000005,5.109149110516792
joe wieskamp,SF,23,TOR,9,0,5.6,0.3,1.6,0.214,0.3,1.3,0.25,0.0,0.2,0.0,0.321,0.0,0.0,,0.0,0.4,0.4,0.3,0.0,0.0,0.1,0.3,1.0,2909261.0,2.909261,0.5843408343218432,323251.1863054238,0.17857139668367916,1.5999999999999999,0.5499678440676171
aaron wiggins,SG,24,OKC,70,14,18.5,2.7,5.2,0.512,0.7,1.7,0.393,2.0,3.4,0.573,0.579,0.8,1.0,0.831,1.0,2.0,3.0,1.1,0.6,0.2,0.8,1.6,6.8,1563518.0,1.563518,6.971457955712695,3284.7016737716353,0.3675675476990514,10.899999999999999,6.971457955712693
andrew wiggins,SF,27,GSW,37,37,32.2,6.8,14.3,0.473,2.4,6.1,0.396,4.4,8.2,0.53,0.557,1.2,1.9,0.611,1.6,3.4,5.0,2.3,1.2,0.8,1.3,2.9,17.1,33616770.0,33.61677,0.7258282101463049,53132.24268510788,0.5310558841286993,25.1,0.7466511506013219
lindell wigginton,PG,24,MIL,7,1,12.4,2.6,5.3,0.486,0.9,2.6,0.333,1.7,2.7,0.632,0.568,1.1,1.3,0.889,0.0,1.0,1.0,2.0,0.0,0.3,1.7,1.0,7.1,99438.0,0.099438,101.57082805366157,2000.7645472683193,0.5725805989854356,8.700000000000001,87.49170337295602
alondes williams,SG,23,BRK,1,0,5.0,0.0,0.0,,0.0,0.0,,0.0,0.0,,,0.0,0.0,,0.0,1.0,1.0,0.0,0.0,0.0,2.0,1.0,0.0,254446.0,0.254446,3.9301069775119277,254446000000.0,0.0,-1.0,-3.9301069775119277
donovan williams,SG,21,ATL,2,0,2.0,1.0,2.5,0.4,0.0,1.0,0.0,1.0,1.5,0.667,0.4,0.0,0.0,,0.0,1.0,1.0,0.0,0.0,0.0,0.0,0.0,2.0,239822.0,0.239822,12.509277714304776,59955.485011128745,0.99999950000025,3.0,12.509277714304776
grant williams,PF,24,BOS,79,23,25.9,2.7,6.0,0.454,1.5,3.7,0.395,1.3,2.3,0.546,0.575,1.2,1.5,0.77,1.1,3.5,4.6,1.7,0.5,0.4,1.0,2.4,8.1,4306281.0,4.306281,3.3439527053622364,6729.6155544153535,0.312741300666359,14.299999999999999,3.320730811574999
jalen williams,SG,21,OKC,75,62,30.3,5.5,10.6,0.521,1.0,2.7,0.356,4.5,7.9,0.579,0.567,2.1,2.5,0.812,1.1,3.4,4.5,3.3,1.4,0.5,1.6,2.5,14.1,4341480.0,4.34148,5.044362751872634,4105.418435834119,0.46534651929549437,22.2,5.113463611487327
jaylin williams,C,20,OKC,49,36,18.7,2.1,4.8,0.436,0.9,2.3,0.407,1.1,2.5,0.463,0.534,0.8,1.1,0.704,0.9,4.0,4.9,1.6,0.6,0.2,0.8,2.3,5.9,2000000.0,2.0,6.2,6918.021421936972,0.31550800451828853,12.399999999999999,6.199999999999999
jeenathan williams,SG,23,POR,5,4,25.4,4.8,7.8,0.615,0.6,1.6,0.375,4.2,6.2,0.677,0.654,0.4,0.6,0.667,2.0,1.0,3.0,2.0,0.6,0.4,0.8,2.6,10.6,52644.0,0.052644,296.33006610439935,993.2830001267359,0.41732281821563705,15.799999999999997,300.12916951599414
kenrich williams,PF,28,OKC,53,10,22.8,3.4,6.5,0.517,0.9,2.5,0.373,2.4,4.0,0.608,0.59,0.3,0.7,0.436,1.8,3.1,4.9,2.0,0.8,0.3,0.6,2.1,8.0,2000000.0,2.0,7.45,4716.981120950516,0.3508771775931062,15.4,7.7
mark williams,C,21,CHO,43,17,19.3,3.7,5.8,0.637,0.0,0.0,,3.7,5.8,0.637,0.637,1.6,2.3,0.691,2.2,4.9,7.1,0.4,0.7,1.0,0.9,2.2,9.0,3722040.0,3.72204,4.433052841989877,9617.674393752779,0.4663212193615948,17.3,4.647988737359083
patrick williams,PF,21,CHI,82,65,28.3,3.8,8.3,0.464,1.4,3.4,0.415,2.4,4.9,0.498,0.549,1.1,1.3,0.857,1.0,3.0,4.0,1.2,0.9,0.9,1.2,1.8,10.2,7775400.0,7.7754,1.9806054993955293,9296.269716288534,0.36042401553272024,15.999999999999996,2.057771947423926
robert williams,C,25,BOS,35,20,23.5,3.6,4.9,0.747,0.0,0.0,0.0,3.6,4.8,0.751,0.747,0.7,1.2,0.61,3.0,5.4,8.3,1.4,0.6,1.4,1.0,1.9,8.0,10714287.0,10.714287,1.6519998017600237,38265.31057762389,0.34042551742870136,18.7,1.7453331238933583
ziaire williams,SF,21,MEM,37,4,15.2,2.3,5.3,0.429,0.7,2.6,0.258,1.6,2.7,0.596,0.492,0.5,0.6,0.773,0.4,1.7,2.1,0.9,0.4,0.2,1.0,1.6,5.7,4591680.0,4.59168,1.8947313401630776,21771.83488965465,0.374999975328949,8.3,1.8076172555578787
zion williamson,PF,22,NOP,29,29,33.0,9.8,16.2,0.608,0.2,0.7,0.368,9.6,15.5,0.618,0.615,6.1,8.6,0.714,2.0,5.0,7.0,4.6,1.1,0.6,3.4,2.2,26.0,13534817.0,13.534817,2.77802056725259,17950.685652585296,0.7878787640036738,35.900000000000006,2.6524185735204253
dylan windler,SF,26,CLE,3,0,3.3,0.7,1.0,0.667,0.3,0.7,0.5,0.3,0.3,1.0,0.833,0.0,0.0,,0.0,0.0,0.0,0.3,0.3,0.0,0.3,0.0,1.7,4037277.0,4.037277,0.4953833982657123,791622.7859563165,0.5151513590450427,1.9999999999999998,0.49538339826571226
justise winslow,PF,26,POR,29,11,26.8,2.8,6.8,0.409,0.5,1.6,0.311,2.3,5.3,0.438,0.444,0.7,1.0,0.714,1.7,3.3,5.0,3.4,1.0,0.4,1.5,3.1,6.8,4097561.0,4.097561,3.7095237874433113,20778.70679118303,0.253731333815995,15.100000000000001,3.6851190256838158
james wiseman,C,21,TOT,45,22,19.3,4.2,7.5,0.558,0.1,0.4,0.2,4.1,7.1,0.58,0.563,1.5,2.2,0.701,1.6,4.3,5.9,0.7,0.2,0.6,1.1,2.4,10.0,9603360.0,9.60336,1.728561670082138,21340.799952576,0.5181346881795498,16.3,1.6973226037553524
james wiseman,C,21,GSW,21,0,12.5,2.8,4.5,0.628,0.0,0.1,0.5,2.8,4.4,0.63,0.633,1.2,1.8,0.684,0.9,2.6,3.5,0.7,0.1,0.3,0.7,1.9,6.9,9603360.0,9.60336,1.155845454091068,66275.77594012576,0.5519999558400036,10.8,1.1246063877642825
james wiseman,C,21,DET,24,22,25.2,5.4,10.2,0.531,0.1,0.8,0.167,5.3,9.5,0.559,0.537,1.8,2.5,0.712,2.3,5.8,8.1,0.7,0.2,0.8,1.5,2.9,12.7,9603360.0,9.60336,2.238799753419636,31507.08651080353,0.5039682339695145,20.999999999999996,2.186734642874993
christian wood,C,27,DAL,67,17,25.9,5.9,11.5,0.515,1.6,4.2,0.376,4.3,7.3,0.594,0.583,3.2,4.2,0.772,1.3,6.0,7.3,1.8,0.4,1.1,1.8,2.5,16.6,14317459.0,14.317459,1.795011251647377,12873.097452910359,0.6409266161804396,25.400000000000002,1.7740578129121936
delon wright,PG,30,WAS,50,14,24.4,2.8,5.8,0.474,0.8,2.4,0.345,1.9,3.4,0.564,0.545,1.0,1.2,0.867,1.2,2.4,3.6,3.9,1.8,0.3,0.9,1.2,7.4,7804878.0,7.804878,1.9090625119316407,21094.26480785334,0.30327867609513626,16.1,2.0628125128925783
gabe york,SG,29,IND,3,0,18.7,2.7,7.0,0.381,2.0,6.0,0.333,0.7,1.0,0.667,0.524,0.7,0.7,1.0,0.0,2.0,2.0,1.7,0.7,0.0,0.0,1.7,8.0,32171.0,0.032171,363.6815765751764,1340.458277480905,0.42780746375361156,12.399999999999999,385.4403033788194
thaddeus young,PF,34,TOR,54,9,14.7,2.0,3.7,0.545,0.1,0.6,0.176,1.9,3.0,0.622,0.561,0.3,0.5,0.692,1.3,1.8,3.1,1.4,1.0,0.1,0.8,1.6,4.4,8000000.0,8.0,1.1125,33670.03352832477,0.2993197075292717,9.2,1.15
trae young,PG,24,ATL,73,73,34.8,8.2,19.0,0.429,2.1,6.3,0.335,6.1,12.7,0.476,0.485,7.8,8.8,0.886,0.8,2.2,3.0,10.2,1.1,0.1,4.1,1.4,26.2,37096500.0,37.0965,1.0620948067877023,19395.848572939532,0.7528735415840937,36.5,0.98392031593277
omer yurtseven,C,24,MIA,9,0,9.2,1.8,3.0,0.593,0.3,0.8,0.429,1.4,2.2,0.65,0.648,0.6,0.7,0.833,0.9,1.7,2.6,0.2,0.2,0.2,0.4,1.8,4.4,1752638.0,1.752638,4.108093057436847,44258.534235895604,0.47826081758034605,7.2,4.108093057436847
cody zeller,C,30,MIA,15,2,14.5,2.5,3.9,0.627,0.0,0.1,0.0,2.5,3.8,0.649,0.627,1.6,2.3,0.686,1.7,2.6,4.3,0.7,0.2,0.3,0.9,2.2,6.5,743922.0,0.743922,15.458609908027993,7629.9691525131375,0.448275831153391,11.1,14.920919128618323
ivica zubac,C,25,LAC,76,76,28.6,4.3,6.8,0.634,0.0,0.0,0.0,4.3,6.7,0.637,0.634,2.2,3.1,0.697,3.1,6.8,9.9,1.0,0.4,1.3,1.5,2.9,10.8,10123457.0,10.123457,2.1435365409266818,12333.646427468753,0.37762236441879843,21.900000000000002,2.1632926380780795
